1,2019,202001,202002,202003,202004,202005,202006,202007,202008
2,28,-15,-12,-3,3,14,-7,6,-8
3,2,-2,-2,-2,-2,-2,-1,13,22
4,0,0,0,0,0,0,0,0,0
5,4,-4,-2,-2,0,-3,0,-1,5
6,0,2,0,0,0,1,0,0,1
7,135,-27,-70,-53,-17,-46,-32,34,-43
8,189,-9,-76,8,23,-28,12,22,1
9,1,0,0,-1,0,1,-1,0,0
10,12,16,-7,-8,0,0,-3,9,-7
11,14,-4,-4,-8,-5,14,14,-8,-4
12,46,-10,12,-15,-18,-19,-6,-22,-10
13,40,-27,-4,47,14,12,-1,-3,2
14,193,-90,-45,-54,-34,-48,-62,-54,-2
15,43,-22,47,-31,-7,1,-20,-21,4
16,4,-1,1,-3,0,-1,-3,1,-1
17,133,1,-58,-3,-49,-14,0,12,11
18,2571,334,-691,-753,-769,-373,-323,-251,-619
19,240,-8,72,-9,-37,-2,-147,-66,8
20,144,-28,-22,-25,-46,-29,-6,-25,-15
21,577,-203,-178,58,212,-136,-4,170,-26
22,0,0,0,0,0,0,0,0,0
23,10,-6,4,-7,-9,-4,-7,-6,-7
24,17,-9,-6,-4,-6,-9,-8,-9,-9
25,0,0,0,0,0,0,0,0,0
26,1,-1,-1,0,0,0,0,0,1
27,15,-2,-13,-12,-5,-1,-6,-10,-9
28,5,11,-6,-2,-2,-2,-1,1,-3
29,163,-7,-73,-50,-75,-54,-37,-20,-21
30,4712,-191,-153,266,67,-68,287,485,-642
31,52,48,-46,-13,-34,-31,50,61,54
32,5,-3,4,18,18,14,12,34,25
33,0,0,0,0,0,0,0,0,0
34,1241,-210,-342,-214,-135,-117,-145,54,-200
35,58,-19,20,13,3,20,-10,-3,-28
36,0,0,0,0,0,0,0,0,0
37,0,0,0,0,0,0,0,0,0
38,20,-14,-9,-4,-2,-8,-2,10,-5
39,1,0,0,-1,-1,-1,-1,-1,-1
40,0,0,0,0,0,0,0,0,0
41,128,-59,-41,-33,101,8,35,59,-17
42,10,5,0,-7,-3,3,2,3,7
43,9,-5,0,-3,1,-5,5,-2,-6
44,158,-61,-62,-47,-56,-93,-13,-68,-31
45,394,-232,-255,-181,-91,-179,-67,-13,-191
46,95,23,0,-36,22,-34,4,14,-29
47,8,-4,-4,-7,-3,-4,6,-4,-4
48,2225,-1076,-882,-808,-940,-876,-486,-752,-929
49,398,-53,-157,-143,-112,-154,-139,-163,-120
50,75,-16,-30,-14,-22,-27,13,0,-25
51,276,-14,-64,-18,-71,-71,-103,-44,-100
52,52,-19,-19,-27,-10,-6,88,0,-28
53,0,0,0,0,0,0,0,0,0
54,70,-12,-11,-11,-11,-32,-5,-9,-46
55,76,-11,18,-19,-28,-20,-10,16,5
56,0,0,0,0,0,0,0,1,0
57,0,0,1,0,0,0,0,1,0
58,373,-17,4,18,41,7,150,185,25
59,3,0,-2,0,3,0,-1,-3,2
60,47,-4,-21,-8,-3,2,3,6,2
61,0,2,0,0,0,1,1,0,0
62,2,-1,1,6,0,1,-1,-2,-2
63,197,-34,-94,-32,-87,-79,-59,32,-18
64,2060,-686,-742,-354,-266,-756,-739,-670,-777
65,972,-584,-589,-156,-122,-652,-757,-729,-674
66,33,-17,11,-22,-22,-12,-8,1,-18
67,17,0,-10,-1,-10,-14,-8,-8,5
68,2,-1,-2,0,1,1,0,2,-2
69,1559,-1419,-1203,-967,-711,-580,-568,-836,-1071
70,26,-14,-11,13,8,14,5,-10,2
71,8,-2,-3,2,5,3,-2,3,0
72,571,9,141,-34,-164,4,-19,-11,-156
73,14,-4,5,8,1,1,-4,10,-2
74,23,-7,-15,-6,6,17,2,-17,-5
75,816,-242,-372,-335,-236,-203,-141,-15,-232
76,172,-31,-46,-80,-70,-28,-19,-55,-66
77,126,-16,-7,-5,-11,66,-9,-28,-41
78,3,17,1,-3,-1,-3,-2,0,-1
79,0,1,0,0,0,0,0,0,0
80,8,-5,-3,-5,-6,-4,2,6,1
81,3,4,3,0,-2,-3,0,-1,-1
82,107,-24,-28,-64,-68,-79,-63,-53,-43
83,2,-2,1,0,-2,5,-1,-1,5
84,8,-3,-4,1,-5,-6,-2,0,-1
85,7,5,-3,-3,3,-7,-3,-3,-4
86,7076,-1071,-1328,-142,-461,-448,143,235,-662
87,1,-1,-1,0,0,1,0,0,1
88,1,-1,-1,-1,4,-1,-1,-1,-1
89,0,0,0,0,0,0,0,0,0
90,14,-8,-8,-4,-10,-3,-5,-8,-5
91,0,0,0,0,0,0,0,0,0
92,6,4,-5,-5,-2,-3,-2,0,-5
93,2,-2,-1,-1,0,1,3,1,-1
94,0,0,0,0,0,0,0,0,0
95,14,2,-3,1,3,0,16,1,-2
96,942,-339,-296,167,108,22,343,129,-229
97,0,0,0,3,0,0,0,0,0
98,41,-2,-25,57,-18,-17,39,33,56
99,268,-22,-133,-137,-80,-9,-9,-21,-78
100,40,-8,-19,-8,-18,-1,17,32,-16
101,0,0,0,0,0,0,0,0,0
102,6,-2,-5,-6,-2,-5,2,-4,-3
103,40,18,-2,0,6,23,3,-3,2
104,0,0,0,0,0,0,0,1,1
105,2,-1,5,1,-1,-2,-1,-1,0
106,187,-41,-76,-60,-64,-25,-33,40,-52
107,244,-43,-65,57,50,73,34,2,-33
108,0,0,0,0,0,0,0,0,0
109,23,-3,-2,10,3,20,16,3,26
110,0,0,0,0,0,0,0,0,0
111,0,0,0,0,2,0,0,0,1
112,9,2,0,-4,-4,-1,-3,8,2
113,56,-16,-25,-20,-25,16,1,-3,15
114,0,0,0,0,0,0,0,0,0
115,89,-8,-48,51,-1,-25,-23,-5,-26
116,2,3,-2,-2,-1,-2,1,-2,-1
117,5,-4,-1,2,-2,1,-2,-2,-1
118,0,0,0,0,0,0,0,0,0
119,79,-32,-42,-39,-20,-9,-18,-26,-33
120,0,0,0,0,0,0,0,0,1
121,21,-1,30,42,-22,-14,-15,-18,-13
122,1,0,0,1,-1,-1,2,2,-1
123,56,5,-30,58,106,8,130,0,65
124,2,2,-2,0,-1,-2,-1,-2,0
125,0,0,0,0,0,0,0,0,0
126,1140,-334,-252,203,1193,406,133,-45,-406
127,0,0,0,6,41,1,3,-2,-1
128,0,0,0,0,0,0,0,0,0
129,3,0,-2,-1,-2,0,-2,-3,-2
130,4,-2,1,2,1,0,3,4,0
131,0,0,0,0,0,0,0,0,0
132,0,0,0,0,0,0,0,0,0
133,3,-3,-2,1,-2,-3,-2,-2,-1
134,5,-2,-4,-4,3,-5,1,4,-2
135,0,1,2,0,1,0,3,0,0
136,2,9,1,-3,1,-3,-3,-3,-2
137,294,-24,-84,31,8,-53,-87,-59,13
138,40,11,-8,44,-27,1,13,6,-8
139,0,0,0,0,0,0,0,0,0
140,0,0,0,0,0,0,0,0,0
141,0,0,0,1,0,1,0,0,0
142,93,23,-48,-18,-17,-63,-28,-38,-34
143,98,11,3,17,17,140,39,31,-35
144,79,-30,-25,-22,-30,-10,-16,6,-15
145,2,-2,11,-1,-3,-2,-1,-1,-2
146,0,0,0,0,0,0,0,0,0
147,0,0,0,0,0,0,0,0,0
148,4,-2,-2,1,-1,-2,2,-1,4
149,0,0,0,0,0,0,0,0,0
150,6,-4,3,-2,-1,-2,-1,-3,-2
151,0,0,0,0,0,0,0,0,0
152,0,0,0,0,0,0,0,0,0
153,6,-3,12,-7,7,6,-1,4,-6
154,147,24,-48,-5,181,-59,84,42,-56
155,79,-9,38,25,67,49,-44,-10,-6
156,465,-153,-102,-103,-85,-80,137,255,161
157,0,0,0,1,0,0,1,1,0
158,0,0,1,0,0,0,2,2,-1
159,3,-1,-3,-3,1,1,-3,11,-1
160,0,0,0,0,0,0,0,0,0
161,93,-6,-19,-23,29,-22,16,24,-32
162,51,-17,-12,524,451,167,82,63,-44
163,2,-2,-2,-1,-2,-2,-1,-2,0
164,125,-41,-27,145,-76,-102,1,-62,-40
165,0,0,0,0,0,0,0,0,0
166,8,-1,-3,11,-5,-6,0,1,-7
167,5,-5,-3,-5,-2,-4,-3,-2,-1
168,4,-1,-3,-4,-2,2,-1,-1,-1
169,0,0,0,0,0,0,0,0,0
170,66,27,28,11,-34,-9,40,-3,29
171,0,0,0,0,0,0,0,0,0
172,0,0,0,0,0,0,0,0,0
173,0,0,0,1,3,5,2,0,-1
174,104,-20,-24,14,-40,3,22,-32,-5
175,24,-6,-14,-17,-11,-9,-8,-1,-4
176,12,-10,-3,-3,-1,-6,-6,2,6
177,5,1,-3,-3,-5,-4,-4,-2,-3
178,2,1,1,0,-1,-1,-2,-1,-2
179,15,-1,5,0,13,-12,-3,2,-6
180,1,-1,0,-1,0,2,5,1,0
181,0,0,3,0,0,0,0,0,0
182,0,0,0,0,1,2,8,7,-1
183,72,-59,-46,-30,-18,-33,-30,-33,-48
184,50,-37,-41,-41,-13,-33,-34,-24,-18
185,10,-10,-8,-7,-8,-7,-7,-5,4
186,12,-2,-8,-9,-7,0,5,8,2
187,46,-19,4,44,-21,-2,7,12,23
188,0,0,0,0,0,0,0,0,0
189,8,-8,-6,-7,-6,-4,11,-1,-3
190,0,0,0,0,0,0,1,0,0
191,1,3,1,-1,-1,-2,0,-1,0
192,0,0,0,0,0,0,0,0,0
193,0,2,0,0,0,0,0,0,7
194,115,-23,-13,-42,-36,11,-10,-15,1
195,0,0,0,0,0,0,0,0,0
196,0,0,0,0,0,0,0,0,0
197,20,-3,17,36,2,2,-6,-1,-15
198,0,0,0,0,0,0,0,0,0
199,55,-46,-32,-33,-30,-8,-6,4,-31
200,1,-1,0,-1,-1,-1,-1,-1,-1
201,0,0,0,0,0,0,0,0,0
202,29,-23,-15,-16,-16,1,0,28,-8
203,24,-2,30,41,17,-8,16,11,-10
204,24,-19,-7,-10,-11,-12,-6,-11,32
205,363,-131,-226,-150,-212,-201,-155,-126,-132
206,33,-9,23,9,13,-11,11,-4,-5
207,1705,-808,590,-789,-508,-575,-1296,-768,-584
208,1,-1,-1,8,0,-1,-1,-1,-1
209,6,-2,3,0,-4,-4,2,-5,13
210,5,-2,0,6,20,19,-1,-4,0
211,45,-26,-29,-17,-10,-2,-16,27,-14
212,0,0,0,0,0,0,0,0,0
213,6,-4,-4,-4,-4,-2,-4,-1,4
214,1,-1,1,1,-1,2,4,-1,-1
215,1,-1,-1,-1,-1,-1,-1,-1,1
216,0,0,0,0,0,0,0,0,0
217,6,0,-5,-4,-1,-5,0,2,-4
218,0,0,0,0,0,0,0,0,0
219,0,0,0,0,0,0,0,0,0
220,25,4,-12,-3,-16,-11,-11,-16,-6
221,25,4,-12,-3,-16,-11,-11,-16,-6
222,0,0,0,0,1,0,0,0,0
223,98,-2,5,22,-39,-1,-29,8,-22
224,26,-9,32,-2,-21,-13,-6,-7,-9
225,36,4,-15,-23,-16,-5,-6,-5,-12
226,71,2,-9,12,43,14,9,-5,-13
227,0,0,0,0,3,0,0,0,5
228,0,0,0,0,1,0,0,0,0
229,0,0,0,0,0,0,0,0,0
230,0,0,0,0,0,1,0,0,0
231,230,-97,-93,-16,-53,-46,-47,-3,-23
232,0,0,0,0,0,0,2,0,0
233,0,0,0,1,0,0,0,0,0
234,133,-5,-61,53,-65,-70,-65,-16,-64
235,19,-8,0,20,61,517,533,295,8
236,16129,-3366,-6165,-4539,-4979,-5083,-3458,-4073,-4478
237,0,0,0,0,0,0,1,2,0
238,252,-63,-95,-76,-109,-52,-94,-36,-104
239,1,-1,0,-1,-1,-1,-1,1,-1
240,6,-3,-4,-4,-2,-5,-4,-5,-3
241,0,0,0,0,0,0,0,0,0
242,0,0,0,0,0,0,0,0,0
243,29,-8,25,1,20,11,-6,6,-15
244,14,-1,-3,-5,-8,-5,-9,-6,-9
245,1,-1,-1,-1,-1,0,0,0,0
246,0,0,0,0,1,0,0,0,1
247,11,-11,-6,-5,-9,-8,-7,-7,-5
248,0,0,0,0,0,0,0,0,0
249,2,-2,-1,-1,2,-1,-1,0,3
250,13,-5,-3,13,0,-8,-8,-7,-7
251,1,0,-1,-1,0,-1,-1,-1,-1
252,20,34,5,-12,-1,-2,-8,21,3
253,0,0,0,0,0,1,0,0,0
254,10,47,732,860,725,683,513,431,305
255,35,132,-8,-12,-9,-12,-18,-23,-9
256,13,1,-4,-6,0,-5,8,4,-8
257,0,0,0,0,0,0,0,0,0
258,0,0,0,0,0,0,0,0,0
259,0,0,0,0,0,0,0,0,0
260,15,-3,-7,-10,-2,3,0,-1,21
261,34,25,665,165,-87,-67,-44,-42,-45
262,4,5,2,3,4,-2,1,1,-5
263,27,22,19,51,-18,-1,-26,-24,-21
264,0,3,0,1,0,-1,-1,0,0
265,346,-80,-140,-83,-114,-52,34,-5,1
266,1,-1,-1,2,-1,-1,0,-1,-1
267,96,-62,-37,-20,16,16,-24,59,25
268,14,0,-9,-2,-10,-10,-9,-11,-6
269,222,-42,-68,-103,-31,-31,110,34,-28
270,96,44,-24,-45,-7,-52,-33,-10,-14
271,713,-89,-297,-335,-208,-306,-162,-219,-281
272,0,1,0,0,0,2,0,0,0
273,0,0,0,0,0,0,0,0,0
274,14,-8,-8,5,-8,-1,5,10,4
275,0,0,0,0,0,0,0,0,0
276,0,0,0,0,0,0,0,0,0
277,0,0,0,0,0,0,0,0,0
278,6,-2,2,-3,-6,1,-5,-3,-5
279,1572,-144,-263,-227,-163,31,68,265,-362
280,0,0,0,1,0,0,0,0,0
281,5,-4,-4,7,-4,-5,-1,8,-4
282,0,0,0,0,0,0,0,1,0
283,0,0,2,0,0,0,0,0,0
284,323,-120,-207,-230,-217,20,186,-161,-221
285,0,0,0,0,0,1,1,0,1
286,41,33,81,24,16,20,20,55,-1
287,1,8,-1,-1,2,1,3,0,-2
288,88,-32,-18,-59,-42,-4,-23,-11,-23
289,122,-38,-54,-58,-59,-28,-28,6,-34
290,1,-1,-1,-1,-1,-1,-1,-1,0
291,0,0,0,0,0,0,0,0,0
292,83,-35,-25,-32,-37,-24,-4,5,6
293,0,0,0,0,0,0,0,0,0
294,20,-12,-18,8,-8,-8,-4,-4,-8
295,3,0,0,-2,-2,1,-3,4,0
296,3,-1,-1,-2,-2,-2,2,2,3
297,0,0,0,2,0,1,0,0,1
298,95,-32,-35,-15,-41,21,-7,23,-42
299,0,0,0,0,0,0,0,0,0
300,157,8,-74,8,-54,6,-1,26,-53
301,24,-7,8,-16,-4,-12,0,-5,-15
302,28,-14,-18,-16,-14,-3,-5,-1,-7
303,3,9,1,0,9,3,0,-2,-4
304,7,1,-5,-4,-3,-3,-4,5,-5
305,0,0,0,0,1,1,1,1,0
306,0,0,1,0,2,0,2,0,-1
307,87,5,-52,3,-30,-4,-24,-13,15
308,3,-3,2,-3,-1,-2,-3,-3,-2
309,0,1,0,0,0,0,0,0,0
310,0,1,0,-1,-1,0,0,0,0
311,0,0,0,0,0,0,0,0,0
312,281,49,-134,-42,-39,-151,-169,-93,-41
313,6,-6,-6,-4,2,-4,-1,-5,-1
314,9,2,-5,-4,6,-3,3,2,2
315,124,-35,-29,-20,-18,-35,38,44,35
316,4,-4,-2,-3,-3,10,0,-3,0
317,1,-1,-1,4,-1,1,-1,1,1
318,0,0,0,0,0,0,0,0,0
319,1,0,-1,1,1,0,1,0,0
320,0,0,0,0,0,0,0,0,0
321,15,-13,-12,-12,18,-7,-7,-8,-10
322,0,0,0,0,0,0,0,0,0
323,0,0,0,0,0,0,0,0,0
324,16,-12,-13,-14,-12,-8,-8,-12,-10
325,7,3,4,-4,-5,-3,-1,2,1
326,63,1,-26,-27,-3,-1,-8,12,-2
327,0,0,0,0,0,0,0,0,0
328,4,0,-2,-2,-3,-3,-3,-3,-2
329,0,0,0,0,0,0,0,0,0
330,0,1,0,0,0,0,0,0,0
331,0,0,0,0,0,0,0,0,0
332,150,-24,-26,138,12,-60,3,9,-49
333,0,0,1,0,0,0,0,0,0
334,0,0,0,0,0,0,0,0,0
335,10,5,5,16,-11,-9,1,-1,-3
336,0,0,0,0,0,0,0,0,0
337,129,-5,-1,26,-18,-39,-39,-17,-4
338,8,-6,-3,-3,3,0,3,4,-4
339,2,0,-2,4,-2,2,1,-1,-2
340,425,608,193,-261,-68,-198,-107,-80,2057
341,38,12,14,-5,-11,-14,8,-7,-31
342,1,-1,-1,2,-1,-1,-1,0,0
343,0,2,1,0,2,1,1,-1,-1
344,36,47,-19,-26,-30,-12,-6,-20,-19
345,18,-6,-13,-4,1,-3,3,-5,1
346,0,0,0,0,0,0,0,0,0
347,68,35,-35,8,-32,13,11,10,32
348,0,0,0,0,0,0,0,0,0
349,53,-8,-12,-12,-9,23,-21,4,14
350,2495,-107,-513,-596,-511,-259,67,-23,-349
351,1,-1,0,-1,0,-1,-1,1,-1
352,2,4,-2,8,-2,0,-1,-1,-2
353,466,-50,-253,-263,-194,-187,-66,-46,-184
354,8,4,-3,-5,-2,2,-4,3,-2
355,0,0,0,0,0,0,0,0,0
356,1,-1,0,7,-1,-2,-2,-1,-1
357,6,-2,-4,315,111,-1,-14,-24,-21
358,0,1,0,1,1,0,0,0,1
359,0,0,0,0,0,0,0,0,0
360,0,0,0,0,0,0,0,0,0
361,40,-1,-22,-31,-23,-25,-2,22,42
362,52,-13,-36,-16,-13,21,29,4,-21
363,0,1,-1,1,7,-1,-1,1,0
364,14,-7,-10,-11,-8,3,-1,-4,-7
365,0,0,0,0,0,0,1,1,1
366,1,1,-1,0,-1,-1,0,-1,-1
367,68,-21,-15,-5,9,5,2,65,9
368,0,0,0,0,0,0,0,0,0
369,4,-3,-3,1,1,0,-2,2,-2
370,0,0,0,0,0,2,0,0,3
371,1,-1,-1,5,0,0,-1,-1,-1
372,3,3,-1,5,-2,-1,5,4,4
373,48,-14,-5,-32,4,21,-39,79,72
374,175,-107,-75,-134,-53,-28,-119,-100,-101
375,30,1,-21,-26,19,-13,-16,51,-23
376,4,4,2,-1,-5,-2,-2,-2,4
377,22,-12,6,-1,-14,-5,-10,-2,-10
378,0,0,7,49,0,1,2,-4,0
379,3,-3,-3,-2,0,0,1,-2,6
380,0,0,0,0,0,0,3,0,0
381,166,-63,-96,-96,-90,-79,-19,-67,-90
382,1,-1,-1,-1,1,-1,-1,-1,0
383,63,32,-35,-15,-24,13,-19,9,-26
384,0,0,0,0,0,0,0,0,0
385,0,0,0,0,0,0,0,0,0
386,4,13,0,13,1,1,-2,4,1
387,0,0,0,0,0,1,0,0,0
388,0,0,0,0,0,19,3,3,-1
389,0,0,0,0,0,0,0,0,0
390,0,0,0,0,0,0,0,0,0
391,203,-15,-43,-62,-37,-10,50,189,-44
392,166,-103,-78,-40,-56,-41,-113,-58,-40
393,8,-2,-2,22,11,3,-5,13,3
394,9,6,-3,23,5,-3,-8,-3,4
395,5391,-1889,173,-2688,-1339,-1014,-3167,-1474,-1079
396,0,0,0,0,0,0,0,0,0
397,0,0,0,0,0,0,0,0,0
398,2,-2,8,1,2,1,6,21,-2
399,0,0,0,0,0,0,0,0,0
400,2,-2,0,-1,10,19,15,5,-4
401,2,-1,6,11,0,1,10,3,-2
402,101,56,-52,-26,-13,-3,-23,8,-64
403,1,-1,0,0,-1,-1,-1,1,-1
404,0,0,0,0,0,0,0,0,0
405,2,4,1,-2,-2,-1,7,1,-1
406,4,-4,-3,-3,-3,-3,3,0,-2
407,0,0,0,0,0,0,0,0,0
408,0,0,0,0,0,0,0,0,0
409,0,1,0,0,0,1,0,0,0
410,41,-32,-30,-15,-21,-20,-15,-26,-21
411,110,39,21,82,118,10,10,-26,53
412,0,0,0,0,0,0,0,0,0
413,0,0,1,0,0,0,5,8,3
414,67,-43,-42,9,47,-27,-29,-4,-31
415,1,-1,-1,-1,-1,0,-1,-1,-1
416,100,30,25,-16,-20,10,12,0,1
417,3,0,-2,0,-3,-2,-2,-1,0
418,0,0,0,0,0,0,0,0,0
419,25,-21,-9,-5,-13,-18,0,3,-6
420,102,-36,107,252,65,24,-12,-31,-22
421,41,-24,5,-16,21,100,319,162,2
422,135,-54,-20,-44,-36,9,-26,-75,-49
423,0,0,0,0,0,0,0,0,0
424,0,0,0,0,0,0,0,0,0
425,2,-1,-2,0,1,0,0,-2,0
426,67,1,20,-35,-3,-27,-19,-8,-11
427,0,0,0,0,1,0,0,0,0
428,2,-2,1,2,-1,-2,-1,0,-1
429,2,0,-2,-1,5,4,2,-1,2
430,3,-2,6,-1,-1,2,7,-2,0
431,19,-1,6,9,-7,-2,4,6,-16
432,23,-18,-20,-10,-7,-7,25,19,-14
433,18,-1,-1,-4,-5,3,22,2,9
434,17,6,4,4,17,9,2,-5,-3
435,1,-1,-1,0,0,0,0,2,33
436,702,-56,-241,-141,-124,-203,36,156,-61
437,0,0,0,0,0,0,0,0,0
438,0,0,0,0,0,0,3,3,-1
439,6,11,-3,-2,-3,-3,1,7,27
440,0,0,0,45,-2,-3,-2,-3,-3
441,1,-1,-1,2,12,0,0,1,-2
442,101,-29,3,-56,-45,-40,-42,-41,-46
443,1,0,-1,-1,-1,0,0,1,0
444,4,1,-2,-4,0,-2,3,1,-2
445,1613,-422,-267,-50,110,-110,-64,-106,-470
446,18,0,19,3,-2,-9,-7,-8,-8
447,0,2,-1,1,0,-1,-1,3,-1
448,0,0,0,0,0,0,0,0,0
449,65,-10,-34,-27,-31,-25,-30,-13,-8
450,496,158,619,1010,491,-70,23,-89,19
451,1675,-1216,-1056,-739,-523,-465,-422,-654,-967
452,0,0,0,0,0,0,0,0,0
453,54,-30,3,49,15,2,-4,-15,1
454,137,-35,-6,61,-24,-71,-53,-66,-17
455,1068,-79,-269,8,-35,-218,335,36,-364
456,4,-3,-2,-3,-3,-2,-3,-3,-3
457,5,-5,-4,-2,-1,-5,-1,-4,1
458,101,-75,-35,-13,74,11,85,69,2
459,4,-1,-2,-1,-4,0,5,-1,-1
460,2,0,-1,2,0,-2,1,-2,-1
461,305,-53,28,670,182,-101,-82,-112,-88
462,25,-6,-2,-3,17,-6,30,21,-12
463,58,18,-29,-40,-32,71,12,27,25
464,0,0,0,0,3,1,0,1,0
465,7,-6,-7,-2,-4,-5,-3,0,-6
466,0,0,0,0,0,0,0,0,0
467,0,0,0,0,0,0,0,0,0
468,0,1,5,0,1,6,-1,-1,-1
469,0,0,0,0,0,0,0,0,0
470,1,-1,-1,-1,-1,-1,-1,0,-1
471,174,-88,-74,-62,-43,-82,-40,-39,-16
472,529,-263,-131,349,-84,-41,-206,-171,-23
473,3,-3,3,0,1,0,10,-1,-4
474,0,0,0,0,0,0,0,0,0
475,0,0,0,0,0,0,0,0,0
476,0,0,0,0,0,0,0,0,2
477,4,-4,-3,-3,-3,-3,-1,-3,-2
478,127,-106,-115,-93,-86,-70,-51,-45,-74
479,22,-19,-6,10,-3,-6,14,-7,0
480,0,0,0,0,0,0,0,0,0
481,32,24,-4,0,21,-21,-7,19,-5
482,282,-53,-77,-103,-125,-57,-10,-16,-7
483,131,-47,183,43,-83,-28,-48,-46,-69
484,84,-17,24,-9,49,33,-11,19,-35
485,10,12,4,10,11,11,7,19,-4
486,43,-15,-23,-12,-6,-10,7,15,1
487,0,0,0,0,0,0,1,0,0
488,0,0,0,0,0,0,0,0,0
489,0,0,0,0,0,0,0,0,0
490,35,53,-10,-28,-14,-29,-14,27,-32
491,2,1,-1,-2,0,-2,0,-2,-1
492,0,0,0,0,0,0,0,0,0
493,10,10,-7,-9,-8,11,-7,-5,-5
494,164,-60,-101,-74,-56,-52,-57,-53,-80
495,0,0,0,0,0,0,0,0,0
496,0,0,0,0,0,0,0,0,0
497,124,12,-33,-74,-75,-50,-17,-35,-15
498,0,0,0,0,0,0,0,0,0
499,0,0,0,0,0,0,0,0,0
500,20,-5,-12,2,14,5,21,14,-1
501,0,0,0,0,0,0,0,0,0
502,0,0,0,0,0,0,0,0,0
503,1644,100,260,108,-76,-82,2,388,-266
504,0,0,0,0,0,0,0,0,0
505,1,-1,0,-1,1,2,2,-1,-1
506,896,-315,-308,-207,71,26,116,-24,-30
507,50,-14,10,-26,-25,6,-34,-27,0
508,6,-4,2,-5,-2,7,-4,-3,-1
509,0,0,0,0,0,0,0,0,1
510,9,-6,-2,-5,-3,-5,7,9,7
511,13,5,-4,-6,3,-5,2,2,-3
512,367,-57,-90,-156,-72,13,117,26,-3
513,0,0,0,0,0,1,3,0,0
514,518,-200,-213,-124,-203,-146,80,-66,-184
515,20,76,71,9,2,6,-24,-23,-25
516,0,0,0,0,2,0,0,0,0
517,10,-2,-1,5,-8,-3,13,-3,-5
518,8,-3,-2,-7,1,-5,-1,-5,-4
519,5,1,-3,-1,-1,-2,-2,0,-3
520,24,18,-14,9,-5,-12,9,17,6
521,0,0,0,0,0,0,0,0,0
522,5,-4,3,-3,-5,0,-1,-2,-2
523,49,4,-11,39,46,2,-15,-16,-15
524,2,-1,-2,-2,-2,-1,0,2,0
525,15,-9,-3,3,-7,-3,-4,-6,-9
526,4,-2,-4,-1,-3,-4,-1,1,4
527,0,0,0,0,0,0,0,0,0
528,3,17,-4,-4,-3,-3,-3,-3,-3
529,0,0,0,0,0,0,0,0,0
530,0,0,0,0,0,0,0,0,0
531,2,-2,-2,-2,0,-1,-1,2,0
532,0,0,0,0,1,0,0,0,0
533,0,1,0,-1,-1,1,-1,0,0
534,0,0,0,0,0,0,0,0,0
535,6,-2,1,5,-5,-4,2,-1,-3
536,0,0,0,0,0,0,0,0,0
537,45,-34,-36,-33,-22,-29,-20,92,-19
538,2,1,-2,-2,-2,-2,-1,-1,-1
539,1852,-304,-186,-3,129,-300,-113,-184,-510
540,42,-30,-32,-26,3,-12,10,-12,-9
541,1,1,-1,-1,-1,1,0,-1,-1
542,1,-1,-1,0,-1,-1,0,0,0
543,0,0,0,0,0,1,0,0,0
544,2,0,-1,-1,0,0,-2,3,2
545,4,-3,-4,-4,0,1,-3,-3,-2
546,0,0,0,0,0,0,0,0,0
547,0,1,0,0,0,0,0,0,1
548,5,-4,-2,0,7,0,-3,-4,-1
549,24,10,21,-3,3,-14,1,-8,-5
550,4,-4,-1,-1,-2,-2,2,-2,-2
551,2,0,-2,-1,-1,2,-1,-2,-1
552,12,1,0,7,-8,16,-9,-6,-4
553,39,-13,-10,3,-2,-19,-10,9,-5
554,4,-2,-4,1,-2,-1,0,-2,-1
555,1,1,3,-1,-1,-1,0,1,-1
556,0,0,1,0,0,0,0,2,0
557,2,-2,0,-2,-2,-2,0,2,-1
558,13,-6,-8,2,-8,3,13,26,-2
559,136,-47,-56,-33,8,-27,0,24,-11
560,1267,-219,-416,-316,-164,-65,58,372,-275
561,2,3,0,-2,0,0,2,-1,-2
562,0,0,0,0,0,0,0,0,0
563,0,0,0,0,0,0,0,0,0
564,754,39,241,750,1180,376,118,335,54
565,59,-7,-38,9,7,-15,-20,-4,-33
566,193,-44,-125,-117,-101,-125,-80,-94,1
567,0,0,0,0,0,0,0,0,0
568,3,-2,-3,-1,-3,-1,-2,-2,-2
569,0,0,1,0,0,1,0,3,-1
570,0,0,0,0,0,1,0,0,0
571,55,-29,-15,13,-29,-9,22,76,-28
572,0,0,0,0,0,0,0,0,0
573,128,-34,-45,-61,-2,-28,-23,-2,80
574,79,-32,-33,15,11,-10,-20,9,-5
575,112,-26,-32,-37,-57,-9,-2,-22,-31
576,2,1,8,-1,-1,2,6,4,-1
577,1,-1,-1,-1,0,-1,0,1,-1
578,14,-6,-8,-8,-4,-6,-3,2,-4
579,170,34,-64,-37,-36,200,171,74,106
580,0,0,0,0,0,0,0,3,0
581,1,1,-1,0,-1,2,2,-1,-1
582,0,0,0,0,0,0,0,0,0
583,899,-180,235,345,214,207,429,403,231
584,2684,-875,-2189,-2130,-1676,-1689,-1762,-1711,-1752
585,19,-10,2,0,-2,-1,14,-8,0
586,78,-44,-39,-37,-14,17,49,-18,9
587,25,-24,-24,-22,-20,-19,-18,-17,-16
588,56,-7,-10,-9,10,81,67,37,-2
589,8,-2,0,2,7,-4,4,3,-1
590,0,0,0,0,0,0,0,0,0
591,7,-4,-2,-6,-3,-1,-4,-4,-3
592,0,0,0,1,0,2,0,1,0
593,2,-1,4,0,-2,-1,0,0,-2
594,49,-3,-11,-17,-4,-17,-20,-5,-27
595,0,0,0,0,0,0,1,0,0
596,0,0,0,0,0,0,0,0,0
597,0,0,0,0,0,0,0,0,0
598,0,1,0,0,0,0,0,0,0
599,1,0,0,-1,0,-1,-1,-1,-1
600,1,-1,-1,-1,-1,-1,-1,1,-1
601,287,-58,-159,-46,-51,-13,41,155,-106
602,0,0,0,0,0,0,0,0,0
603,39,17,-24,-13,-10,35,44,-15,-9
604,71,-47,-34,-22,-29,-22,-36,-31,-16
605,1,7,-1,-2,5,0,-1,-2,-2
606,147,17,-51,-57,-37,-43,-2,4,-46
607,0,0,0,0,0,0,0,0,0
608,0,0,0,0,0,0,0,0,0
609,16,-12,-8,-7,-8,6,3,-7,-13
610,314,49,7,27,49,2,14,66,-52
611,0,0,0,0,0,2,0,0,0
612,51,-24,-14,1,1,-24,-16,8,-41
613,0,0,0,0,0,0,0,0,0
614,0,0,0,0,0,0,0,0,0
615,9144,-1990,-3345,-3617,-3697,-2002,-52,-1173,-2492
616,0,0,0,0,0,0,0,0,0
617,0,0,0,0,0,0,0,0,0
618,28,-9,-21,-18,-4,-12,-14,-6,-5
619,0,0,0,0,0,0,0,0,0
620,0,0,0,0,0,0,0,0,0
621,2,-2,-2,-2,0,0,-1,-2,1
622,7,8,-7,-5,-6,2,-4,-4,-6
623,360,-200,8,25,34,-83,247,-139,-9
624,290,-50,-59,1029,1193,297,354,103,-176
625,0,0,0,99,21,0,-6,-8,-6
626,1,0,-1,44,33,1,-6,9,-2
627,27,-6,-5,-12,-11,-8,18,-10,-6
628,144,-40,-78,-16,-68,-91,8,-72,-79
629,2,-2,-1,-1,0,0,-1,0,-1
630,0,0,1,0,0,1,0,1,0
631,39,-6,-9,-7,5,-1,24,43,20
632,0,0,0,1,0,0,0,0,0
633,62,-28,-9,70,41,20,120,33,-16
634,193,-38,55,75,-116,-36,-21,-14,112
635,687,-234,-283,-446,-362,-325,-252,-166,-263
636,52,-29,-25,-40,-29,-25,-19,-4,-4
637,5,-1,-4,6,-3,-2,-2,6,-2
638,69,-31,-11,21,-16,-1,-19,-15,-28
639,1102,-924,-756,134,-271,-645,-535,-644,-688
640,404,-135,-133,375,-157,-77,700,111,-12
641,38,-28,-30,-29,-32,-26,-15,-10,-12
642,7,-2,5,-5,4,-4,-7,-7,-6
643,28,-10,-26,25,-23,-17,29,-20,-24
644,18,-7,3,-3,0,21,-2,0,-7
645,8,-6,-7,-4,3,-2,-4,17,-6
646,0,0,0,0,0,0,0,0,0
647,10,-1,-2,-1,-2,-4,0,-1,-2
648,1,-1,0,0,-1,-1,-1,-1,-1
649,1,1,0,-1,-1,2,3,-1,0
650,0,0,0,0,0,0,0,0,0
651,2,-1,-1,-1,-1,0,-1,-2,-2
652,772,-206,-98,114,-19,-60,-127,-44,-155
653,26,-18,-2,-7,-14,-13,-1,-2,-19
654,1185,-201,-514,-284,-324,-274,73,-13,302
655,0,0,0,0,0,0,0,1,0
656,0,0,0,0,0,2,0,0,0
657,140,-31,3,-64,-54,4,25,-26,-8
658,953,-14,-274,-407,-322,-439,-312,-249,-403
659,0,0,0,0,0,0,0,0,0
660,23,-9,30,83,19,36,-9,54,-6
661,17,-10,-15,-13,-12,-10,-9,-10,3
662,0,0,0,0,0,0,0,0,0
663,710,-78,-80,-25,-58,88,78,151,28
664,26,-8,11,-3,-6,-3,9,6,19
665,4,0,1,-2,2,-3,-3,-1,3
666,2,-1,3,-1,-2,0,-1,0,-1
667,35,10,-10,20,-17,-1,-5,3,50
668,0,0,1,0,0,1,2,0,0
669,9,-4,0,5,-6,0,-2,-6,-4
670,1,0,-1,0,1,1,0,2,-1
671,23,-12,13,94,11,37,14,31,-4
672,147,-3,7,-6,18,131,38,44,-43
673,10,0,0,-4,-1,1,0,3,-2
674,1,-1,-1,0,1,0,-1,1,0
675,49,-23,-20,15,11,-7,-14,-25,-36
676,10,-7,-2,-4,4,3,21,-1,-7
677,0,0,0,0,0,1,0,0,0
678,6,-5,-4,-4,6,-3,-5,-2,-5
679,38,-17,4,0,-16,-1,-5,6,-18
680,0,0,0,0,0,0,0,0,0
681,9,-8,-8,-4,-7,-4,1,-6,-6
682,10,-1,-10,-5,4,-4,-1,-3,-4
683,1,0,-1,0,0,7,0,-1,0
684,24,-8,-2,-20,-5,-1,-17,-13,0
685,47,26,2,-40,-8,-18,-28,-35,-26
686,43,-8,-22,-19,-27,-19,7,-15,-14
687,2,-2,-1,-1,-2,-2,-1,-1,-1
688,4,-4,-3,-2,-4,-4,0,-2,-2
689,7,-6,-3,-6,1,-3,-5,-3,-4
690,4,-2,-2,2,1,6,0,2,-3
691,760,-212,-217,-300,-119,248,-144,-146,-127
692,15,-13,-9,37,61,17,21,-8,-7
693,179,-56,-87,-75,-86,-47,-13,-72,-59
694,29,-12,-20,-16,18,-20,-14,-4,-14
695,214,-3,-112,-63,-44,-58,84,620,156
696,0,2,0,0,0,1,0,1,0
697,3,0,-3,-3,-3,-2,-1,-1,-2
698,64,32,-28,-33,-29,-20,-13,11,-18
699,1,0,-1,-1,-1,-1,-1,3,-1
700,84,58,349,5,29,-97,-95,-76,-72
701,10,-6,-9,-9,-7,-7,-7,-4,-5
702,1057,-74,125,416,-24,-525,-46,207,343
703,0,0,0,0,0,0,0,0,0
704,1095,-29,-150,-239,-68,-171,-305,-331,-260
705,0,0,0,0,0,1,0,0,1
706,428,89,-126,-6,-37,60,267,119,-72
707,2,-2,-2,1,0,-1,1,0,1
708,55,-11,-22,-1,9,9,37,-6,-19
709,155,16,-102,-11,-36,-54,67,614,173
710,4,-3,-4,-2,-2,-2,-2,-3,-2
711,0,2,-1,0,3,-1,-1,-1,-1
712,91,-32,-50,-56,-28,-41,-3,-34,-45
713,166,-4,-41,-76,61,119,42,63,11
714,0,0,0,0,0,0,0,0,0
715,31,-11,-6,-14,-5,-12,-24,-21,-21
716,19720,-11459,-10615,-7038,-6804,-7691,-6018,-5449,-6561
717,47,-19,4,-4,-8,-6,6,-6,17
718,1,-1,-1,0,0,0,0,0,0
719,443,42,-139,-216,-179,-105,-67,-57,-135
720,1306,-274,-512,-551,-70,-1,244,21,-433
721,1,-1,-1,-1,-1,-1,2,9,0
722,259,-95,-41,92,44,-61,-107,-81,-17
723,152,-60,-34,15,6,-56,-86,-81,-35
724,39,-10,15,178,267,101,65,29,4
725,0,1,0,-1,-1,0,2,2,-1
726,117,-22,14,-6,44,175,103,202,722
727,5,2,1,-2,1,3,0,5,3
728,43,-16,-18,-25,-16,-8,0,-6,2
729,344,-37,-172,-195,-161,-87,-132,-137,-143
730,85,-42,-61,-56,25,-28,-14,-39,-29
731,3,4,0,-1,-3,2,6,2,-2
732,87,-44,-33,-29,-54,18,-46,-21,-35
733,376,-162,-179,-158,-88,-97,74,-32,20
734,987,-14,-259,-296,-140,-267,89,-21,308
735,68,-18,-32,-39,-29,-6,-35,-10,-32
736,0,0,0,0,0,0,0,0,0
737,7,-4,-5,3,-4,-2,0,2,-5
738,2,0,-2,-2,-1,0,-2,0,0
739,2657,-1108,-1174,-1457,-1421,-689,-1084,-1187,-1395
740,48,-20,-31,-38,-31,-27,-4,-24,-28
741,14,-6,6,-7,-3,10,38,86,10
742,48,10,-36,16,4,-9,-20,-19,-32
743,6,-2,-5,-5,-5,-3,-4,-4,-4
744,1,-1,-1,-1,-1,1,1,1,-1
745,3,-1,-3,-2,0,-2,-3,-3,-2
746,0,0,0,0,0,2,2,0,0
747,1,-1,-1,3,-1,-1,-1,4,-1
748,0,0,0,0,0,0,0,0,0
749,64,-8,-36,-35,-2,-4,17,-11,-26
750,0,0,0,0,0,0,0,0,0
751,19,0,-9,-12,20,1,4,-8,12
752,20,-3,-3,4,6,6,28,2,8
753,48,-34,-5,-7,59,28,11,-33,-9
754,1078,-153,-266,341,348,207,99,-103,-232
755,7,-4,-3,-5,2,25,8,-1,3
756,65,-36,-37,12,-46,-43,39,-38,-46
757,2,-2,-2,3,-2,-2,6,1,-2
758,79,-18,-33,93,44,3,5,-1,-31
759,235,-187,-175,-118,-45,-117,-43,-1,-147
760,68,-18,-5,-13,-18,-5,23,-21,-14
761,0,0,0,0,0,0,0,0,0
762,548,-40,-224,163,499,67,20,-49,-275
763,0,0,0,0,0,0,0,0,0
764,0,0,0,0,0,0,0,0,0
765,0,0,0,0,0,0,0,0,0
766,3229,-703,-367,2699,1204,58,671,82,-769
767,8,-3,-5,0,3,-5,1,-1,-2
768,6,2,-4,2,-3,-1,0,3,-1
769,5,-4,-3,-3,2,1,2,0,1
770,0,0,1,1,2,0,-1,1,0
771,3,17,-2,-3,-4,-3,-1,4,-2
772,2,-2,-1,0,4,3,3,0,4
773,149,-11,-39,-38,-27,-48,-39,-5,-17
774,0,0,0,0,0,0,0,0,1
775,35,-19,-21,-28,-20,-1,-18,-9,-6
776,5,5,-4,-4,-3,-3,-1,-2,-3
777,1,-1,3,-1,5,2,-2,-1,-1
778,5,0,-3,0,5,1,-2,20,6
779,31,4,56,584,22,-30,-28,-17,58
780,0,0,0,0,0,1,3,1,3
781,0,0,0,0,0,0,0,0,0
782,2,0,1,-1,-1,4,1,3,3
783,76,-30,-25,43,1105,655,394,179,-40
784,2,-2,-1,-2,10,-2,2,1,1
785,1,-1,-1,-1,2,-1,1,0,-1
786,880,-20,-195,3190,2264,944,1612,946,338
787,2,0,-2,-1,-1,-2,5,-2,-2
788,364,-13,-82,-238,-125,-140,-205,-149,-152
789,985,-423,-193,1390,-288,-242,-205,-331,-217
790,0,0,0,0,0,0,0,0,0
791,58,-15,-34,164,21,64,23,24,-3
792,0,0,0,0,0,0,0,0,0
793,46,1,-10,25,5,-10,2,14,58
794,16,-2,-14,0,0,0,1,-7,4
795,21,-9,-10,-17,-15,-16,-15,0,2
796,22,-16,-19,-6,-8,-13,-13,-10,-13
797,12,1,19,35,-13,4,10,-6,-8
798,63,-1,-28,-23,-31,-20,-16,-19,-4
799,14,-9,-11,-12,-9,-10,9,-10,-8
800,0,0,0,0,0,0,0,0,0
801,0,0,0,0,0,0,0,0,0
802,0,0,0,0,0,0,0,1,0
803,57,-29,-51,-39,-11,-30,-24,-34,6
804,4,4,-4,-4,-3,-3,-3,-1,-3
805,1,3,-2,-2,3,-2,-1,-1,-1
806,20,-3,18,59,14,10,3,0,26
807,2,2,1,0,-1,-1,-2,-1,-2
808,1,-1,-1,1,-1,0,0,0,0
809,0,0,0,0,0,0,0,0,0
810,2,0,-2,-2,-1,-1,0,-1,-1
811,0,1,0,1,0,0,1,1,0
812,0,0,0,0,0,0,0,0,0
813,9,-3,2,-4,0,-5,-4,-1,-6
814,106,-36,-76,-68,-76,-44,-16,-3,-48
815,2,2,-2,-2,-2,4,1,-2,3
816,9,-7,-3,-8,-1,3,23,-4,-6
817,7,-2,6,-5,-4,7,21,6,-3
818,0,0,0,0,0,0,0,0,1
819,0,0,0,1,0,0,0,0,0
820,11,1,-7,0,10,-3,19,11,2
821,30,-14,-1,-1,-23,-2,10,-5,-5
822,32,24,-12,24,340,437,526,673,422
823,0,0,0,0,2,0,0,1,0
824,2,15,-3,-3,-2,-3,-2,-2,-2
825,4,9,-1,-2,1,8,2,3,-3
826,4,-3,-3,1,-3,9,14,46,-3
827,39,-15,31,80,30,21,33,73,74
828,0,0,0,0,0,0,0,0,0
829,0,0,0,0,0,0,0,0,0
830,54,-3,5,310,755,573,209,91,-31
831,0,0,0,0,0,0,0,0,0
832,0,0,0,0,0,0,0,0,0
833,8,-2,4,0,-6,1,-6,-7,0
834,186,-74,-64,29,-11,-8,-44,-97,-108
835,31,-16,-26,-22,4,-7,-3,-20,-23
836,1,-1,-1,2,0,2,1,2,-1
837,355,-26,-47,18,-35,12,-10,34,-64
838,149,-52,-95,-64,-57,-47,-15,-34,-18
839,77,7,-21,-6,56,54,65,63,24
840,3,-3,0,17,0,7,2,-4,1
841,106,-68,-58,-43,-44,21,-7,-12,-15
842,142,-43,-47,-47,137,18,-3,-15,-67
843,1505,-205,-635,-547,73,-89,-115,-13,-84
844,1,-1,0,0,4,3,1,1,0
845,144,-97,-97,-88,-6,-62,-68,-50,-65
846,13,-10,-8,17,-1,-9,7,6,-9
847,15,-11,5,-6,-9,-7,-10,-11,-10
848,7,-7,-4,-5,-6,-3,-2,1,3
849,0,0,0,0,0,0,0,0,0
850,219,-67,-143,-96,-55,-15,-30,-138,-118
851,3,-2,0,-3,-1,5,-1,-1,-2
852,0,0,0,0,0,0,0,0,0
853,3,-1,-3,-2,-1,0,-1,2,5
854,2,-1,-1,-2,0,-2,4,2,-1
855,1,0,-1,-1,0,-1,0,-1,-1
856,0,0,3,0,0,0,0,0,0
857,1,-1,-1,-1,-1,0,0,0,0
858,8,-5,-8,-6,-5,-5,-4,-4,-4
859,29,-27,-27,-25,-18,-21,-21,-18,-17
860,8,3,-1,24,34,6,9,0,-2
861,0,0,0,0,0,0,1,0,0
862,2,-1,1,-2,-1,-1,2,0,0
863,18,-9,-6,0,-7,-5,-3,-3,-7
864,0,0,0,0,0,0,0,0,0
865,326,-122,-119,144,-19,177,-29,-47,-21
866,2,0,-1,-1,10,2,1,-1,-1
867,37,-26,-24,-13,-17,-12,10,-2,-19
868,6,-6,-2,-2,-4,4,58,-3,-8
869,0,0,0,0,0,0,1,0,0
870,0,0,0,0,0,0,0,0,0
871,0,0,0,0,0,0,0,2,0
872,0,1,0,1,0,0,4,1,-1
873,59,4,-17,14,2,-2,-12,5,44
874,164,-56,-69,77,11,59,66,-37,-54
875,14,-11,-4,5,-3,0,-8,1,-2
876,38,59,-31,-23,-28,-24,-23,-1,-26
877,1,-1,-1,0,33,0,-3,-1,-3
878,0,0,0,0,0,0,0,0,0
879,4,-4,-3,-3,-3,-3,-2,-3,-2
880,2,-2,2,-2,-2,1,-2,-2,3
881,53,-38,-1,26,1,2,-16,-20,-34
882,0,1,0,0,0,0,0,0,0
883,0,0,0,0,0,0,0,0,0
884,0,0,1,0,0,0,0,0,0
885,0,0,0,0,0,0,0,0,0
886,0,0,0,0,0,0,0,0,0
887,1,-1,1,0,-1,-1,0,0,0
888,0,0,0,0,0,1,0,0,0
889,1,0,-1,-1,-1,0,-1,0,-1
890,1,-1,1,-1,0,-1,-1,0,0
891,0,0,0,0,0,0,0,0,0
892,84,-23,-22,5,-5,9,12,12,-3
893,3,-3,-3,-3,2,-3,27,-3,4
894,0,0,0,0,0,0,0,0,0
895,0,0,0,0,0,0,0,0,0
896,901,138,-272,36,-220,-139,-253,-163,-284
897,3,2,0,-1,-1,-2,-1,-2,-1
898,25,35,70,74,51,60,66,80,63
899,7,-4,-5,-6,-4,-6,-3,-4,1
900,16,-3,-8,2,-8,-2,-5,4,23
901,0,0,0,0,0,0,0,0,0
902,1,-1,-1,-1,0,-1,-1,1,-1
903,0,0,0,0,0,0,0,0,0
904,0,0,0,0,0,0,0,0,0
905,980,-39,-58,415,320,130,213,81,-44
906,378,-144,-131,-117,-118,-80,-13,19,-69
907,1,2,-2,0,2,2,-2,6,1
908,12,-5,-10,6,6,9,-10,6,-11
909,4,-1,-2,-3,-1,3,-3,3,-3
910,1,-1,1,-1,-1,0,-1,0,0
911,113,-41,-88,-103,-96,-56,-60,-72,-68
912,0,0,0,0,0,0,0,0,0
913,66,7,62,74,11,29,-20,3,30
914,292,-26,-214,-204,-169,-84,-85,-109,-174
915,0,0,0,0,0,1,0,0,0
916,5,-2,-2,-2,6,2,3,2,0
917,2509,-224,-59,686,436,269,618,934,352
918,8,-3,-1,-6,5,-2,-1,-6,-6
919,36,0,-29,-13,-3,0,-11,-24,-21
920,77,-3,-62,-63,-66,-41,-35,-29,-36
921,88,-19,-10,-21,-3,-19,-30,-30,8
922,0,1,0,0,0,0,0,0,0
923,0,0,0,0,0,0,0,0,0
924,14,6,-6,-12,-9,8,0,11,-2
925,0,0,0,0,0,0,0,0,0
926,831,-378,-579,-650,-648,-593,-556,-526,-558
927,0,0,0,0,0,0,0,0,0
928,75,-9,-29,-33,-10,14,27,1,16
929,17,65,37,45,6,6,-4,-1,-5
930,0,0,0,0,0,0,0,0,0
931,56,11,-28,-29,67,112,57,7,33
932,98,-12,-49,-41,-30,15,-1,-8,-17
933,1,0,0,-1,-1,-1,-1,0,-1
934,9,3,-8,-6,1,2,-2,-3,0
935,1,0,2,0,1,0,-1,1,0
936,22,-9,-6,-16,-8,-4,8,10,-16
937,3,-2,-2,-2,-1,-2,-1,-1,-1
938,1,0,-1,-1,-1,-1,-1,-1,2
939,117,-8,46,-17,24,4,-44,-10,83
940,1,0,1,-1,-1,-1,0,-1,1
941,942,-65,-325,-215,-167,-68,251,4,-220
942,15,9,-11,17,25,0,9,-6,-4
943,0,0,0,0,0,0,0,0,0
944,3,-1,0,-3,-3,1,-1,3,-3
945,1,0,2,0,-1,-1,-1,-1,-1
946,0,0,0,0,0,0,0,0,0
947,34,-16,-9,4,-24,-26,-15,-7,-15
948,16,47,-13,-15,-9,-13,-8,-15,-1
949,0,0,0,0,0,0,0,0,0
950,54,-15,-24,-17,0,-3,4,2,11
951,1,-1,-1,-1,-1,-1,0,1,-1
952,441,15,-110,-189,-190,-124,-64,11,-65
953,27,-14,0,4,-5,-1,6,2,5
954,1,-1,-1,2,-1,-1,-1,0,0
955,0,0,0,0,0,0,0,0,0
956,86,-18,10,270,422,-35,-2,-75,-96
957,1446,1147,7026,9074,2743,3408,2005,669,3058
958,41,3,-4,-13,-12,-17,-6,-13,-5
959,1,-1,-1,-1,-1,-1,-1,0,0
960,60,28,-32,-6,56,3,55,-34,-42
961,155,366,-105,-118,-91,-74,-94,-116,-76
962,700,-486,-470,-512,-432,-285,-41,-134,-258
963,48,-3,-27,-19,-8,-19,-12,-11,-20
964,222,26,-21,91,11,-100,38,-59,-117
965,5,-5,-2,12,0,-3,-5,-3,-4
966,0,0,0,0,0,0,0,0,0
967,0,0,0,0,0,0,0,0,0
968,0,0,0,0,0,0,0,0,0
969,313,-85,-155,-161,-102,-1,-54,6,-65
970,905,-325,-544,-497,95,-441,-418,-347,-494
971,2,0,1,-1,-2,-1,-2,0,-1
972,30,-3,1,-13,-12,12,24,-1,-8
973,0,0,0,0,0,0,0,0,0
974,377,-145,17,257,136,25,53,61,-16
975,0,1,0,0,1,0,0,0,1
976,14,-6,-5,-2,2,-7,2,1,-6
977,155,-67,-58,-16,-24,7,-17,-11,-20
978,26,17,-2,-2,-15,-7,-14,-1,-11
979,2,-1,-2,-1,-1,-2,2,1,9
980,2,1,-1,0,0,2,0,6,2
981,1,-1,0,0,0,-1,0,-1,1
982,0,0,0,0,0,0,0,0,0
983,1,-1,2,-1,0,-1,3,1,-1
984,0,0,0,0,0,0,0,0,0
985,56,-19,-14,-31,-23,-18,-16,-24,-35
986,9,-6,-6,-8,-6,-7,-5,-4,-4
987,22,-15,-9,-5,-2,-5,-7,-9,-5
988,306,-80,54,112,464,114,18,-86,-70
989,0,1,0,0,0,0,0,0,0
990,0,1,0,0,0,1,0,0,0
991,0,0,0,0,0,0,0,0,0
992,1,-1,-1,0,1,0,-1,1,0
993,0,0,0,0,0,0,0,0,0
994,0,0,0,0,0,0,0,0,0
995,3,0,-3,-3,-1,-2,0,6,0
996,2,-2,5,5,-1,-2,-2,-2,-2
997,0,0,0,0,0,0,0,0,0
998,1,2,-1,6,0,1,0,-1,-1
999,42,1,-5,99,30,-17,4,-8,-14
1000,4,-2,1,0,-4,7,-1,1,-3
1001,2,-2,-2,-1,0,2,-1,0,-1
1002,10,-7,-1,-3,-5,-1,7,6,-5
1003,5,-5,-5,-4,-4,-2,-4,-4,-3
1004,0,0,0,0,0,0,0,0,0
1005,0,3,0,0,0,0,0,0,0
1006,14,-11,-11,15,15,16,16,-2,-5
1007,0,0,0,0,0,0,0,0,0
1008,32,-8,-21,58,-10,-15,2,-9,11
1009,1,-1,-1,-1,-1,-1,-1,0,-1
1010,26,-2,-3,0,-7,-9,-2,5,11
1011,12,0,-9,-12,2,-2,-8,-8,-5
1012,54,-28,-11,-11,14,16,10,-19,12
1013,5,8,-4,-4,-1,-4,-3,-2,-2
1014,0,2,-1,0,-1,-1,1,-1,-1
1015,12,3,-8,-12,2,13,-7,-12,-6
1016,0,0,0,0,0,1,0,0,0
1017,154,-28,-54,-94,7,-61,-19,-24,-82
1018,16,-7,-4,-6,-6,-13,-3,7,-4
1019,0,0,0,1,0,0,1,2,1
1020,36,-6,-12,-3,-9,9,-5,-4,-10
1021,15,5,-4,3,3,-7,21,26,-9
1022,0,0,0,0,0,0,1,0,0
1023,0,0,0,0,0,0,0,0,0
1024,1,-1,-1,0,0,0,1,0,0
1025,0,0,1,0,0,0,0,0,0
1026,16,-10,0,-12,-12,-10,-8,-5,-8
1027,239,-86,-70,494,847,645,340,208,21
1028,621,-186,-237,-133,255,377,300,58,-62
1029,396,47,-181,210,675,341,350,159,51
1030,229,31,-112,45,122,6,-3,25,-4
1031,4,-1,-2,1,3,-3,1,-1,14
1032,1,-1,-1,-1,-1,-1,-1,-1,-1
1033,0,0,0,0,0,0,0,0,0
1034,0,0,0,0,0,0,1,0,0
1035,3,-2,-3,-1,-1,0,2,3,-2
1036,47,-31,-24,-3,15,-11,-27,-24,65
1037,56,-3,-28,17,42,-25,1,2,-31
1038,0,0,0,0,0,0,0,0,0
1039,13,-10,-13,-9,-8,-8,3,-1,-7
1040,0,0,0,0,0,0,0,0,0
1041,0,0,0,0,0,0,0,0,0
1042,8,20,-5,-5,-8,-8,-2,-1,-5
1043,0,0,0,0,0,0,0,0,0
1044,0,0,0,0,0,4,2,1,-1
1045,0,0,0,0,0,0,0,0,0
1046,37,3,-4,2,2,-13,31,-15,2
1047,0,0,0,1,5,4,0,1,-1
1048,0,0,0,0,0,0,0,0,0
1049,0,0,0,0,0,0,1,0,0
1050,3,-1,0,-2,0,0,-3,0,-3
1051,2,-2,-2,-2,7,13,1,-1,5
1052,1,-1,-1,-1,-1,0,0,0,0
1053,98,-34,-38,996,210,25,60,-38,-41
1054,0,0,0,0,0,0,0,0,0
1055,1,5,0,-1,-1,-1,-1,-1,-1
1056,0,0,0,0,0,1,1,0,0
1057,0,0,2,2,2,1,-1,3,-1
1058,2,3,-2,-2,-1,-1,-1,-1,-1
1059,5,-3,-5,-5,-1,-1,-2,-2,-4
1060,0,0,0,0,0,0,0,0,0
1061,10,4,25,22,-7,-7,-4,-2,-2
1062,0,0,0,0,0,0,0,0,0
1063,14,-12,-10,-10,-3,-7,-1,-9,-6
1064,288,-186,-220,112,-206,-211,-12,-115,-90
1065,620,-365,-332,1500,-86,-85,-21,-225,-242
1066,32,-19,-18,83,-17,9,-18,-5,-8
1067,0,0,6,-1,-1,0,1,0,-1
1068,0,0,0,0,1,0,2,1,-1
1069,0,0,0,0,0,0,2,2,0
1070,0,0,0,0,0,0,0,0,0
1071,0,0,0,0,0,0,0,0,1
1072,0,0,1,0,10,-1,2,-1,-1
1073,1,-1,-1,-1,-1,0,0,1,0
1074,8,-4,-3,-2,1,-3,-4,-1,1
1075,281,-74,-88,-24,42,118,151,137,-57
1076,3,-1,-1,1,-2,0,0,-1,0
1077,10,-6,-9,-2,-4,-3,0,-4,-7
1078,14,4,37,84,10,29,5,-6,33
1079,10,-5,-4,0,0,-5,2,5,1
1080,18,-5,-14,-14,-4,-13,0,-9,-8
1081,1,2,-1,-1,-1,-1,0,-1,-1
1082,84,-16,-44,116,-4,-17,-34,-25,-40
1083,5,0,1,-5,0,-1,-5,-1,-2
1084,4,-3,-4,1,-1,-4,5,-1,-3
1085,14,-2,-13,-8,-10,-11,-8,-2,-7
1086,0,0,0,0,0,0,0,0,0
1087,2,-2,-2,2,-1,-2,-2,0,-2
1088,1,-1,1,-1,-1,-1,-1,0,-1
1089,3,1,1,-2,-1,1,0,0,-3
1090,0,2,5,-1,0,-1,-1,1,-1
1091,0,0,0,4,0,0,0,0,0
1092,1,3,1,0,6,0,-1,-1,-2
1093,0,0,0,0,0,0,0,0,0
1094,898,9,450,2973,2736,1023,1631,1339,662
1095,11,-1,-4,19,7,32,5,2,8
1096,0,0,0,0,0,0,0,0,0
1097,0,0,0,2,3,0,0,0,0
1098,916,-209,-255,185,-21,-56,55,26,-145
1099,196,-87,-113,66,42,17,-11,-95,-115
1100,0,0,0,0,0,0,0,0,0
1101,11,3,3,6,13,2,14,9,-8
1102,996,-23,-167,-195,-197,-120,-64,146,-76
1103,49,-26,-3,-9,-1,-32,-20,-23,-8
1104,16,-2,-8,-2,0,-10,-7,-8,-4
1105,0,0,0,0,0,1,0,0,0
1106,0,0,0,0,0,0,0,0,0
1107,34,-4,1,-5,4,-4,9,-1,0
1108,71,-34,-35,-54,-29,36,-29,-23,82
1109,3,0,-1,-2,-1,-1,6,-3,4
1110,1,-1,-1,0,0,0,0,0,0
1111,864,72,-267,-471,-321,-333,-179,-276,-286
1112,0,0,0,0,0,0,0,0,1
1113,110,15,-38,-65,-65,-65,-35,-7,-56
1114,30,-2,-11,-15,-11,-1,-5,7,3
1115,18,-15,-11,-8,-4,2,-3,3,-4
1116,300,-68,-166,-164,-86,-40,-29,20,72
1117,1,0,-1,-1,-1,0,0,1,0
1118,2,-1,0,-2,-1,-2,0,1,7
1119,27,2,-19,-17,-17,-12,-8,3,-18
1120,0,0,0,0,0,0,0,0,0
1121,0,0,0,0,0,0,0,0,1
1122,16,0,39,-6,2,-4,8,1,-10
1123,37,-7,-8,32,130,144,15,23,-14
1124,12,-3,-6,-7,-6,-2,6,0,0
1125,861,-97,-177,204,19,-93,164,263,-57
1126,27,-9,2,-9,-2,0,12,-4,-9
1127,1,-1,0,-1,1,1,1,2,-1
1128,4,-2,-2,-2,-2,4,3,0,-1
1129,3,3,0,3,-1,-4,4,-2,-1
1130,0,0,0,0,0,0,0,0,0
1131,1346,-218,38,204,198,63,6,169,160
1132,175,48,-92,-147,-138,-123,-85,-104,-77
1133,41,84,-24,-22,-19,-27,-11,-17,52
1134,7,-4,-5,-4,-6,0,0,-3,-6
1135,1,-1,-1,0,-1,0,0,-1,-1
1136,116,-31,-55,53,104,12,138,-9,58
1137,3,5,-1,3,2,-2,-1,-2,2
1138,18,-17,-17,-15,-13,-14,-13,-12,63
1139,9,-2,-9,-7,-8,-7,-7,-7,-6
1140,279,-107,-80,-12,34,-57,92,-12,-97
1141,16033,-602,-2500,-2576,-3211,-1649,292,-76,-3644
1142,1,-1,-1,-1,-1,-1,-1,0,0
1143,18,0,-9,-10,-8,-4,-10,-4,-8
1144,15,-2,-4,-5,-7,-2,-2,-9,-2
1145,0,0,0,0,1,2,-1,0,0
1146,1,1,-1,-1,-1,0,-1,1,-1
1147,15,-8,-1,-4,-5,-5,-1,8,5
1148,30,-5,-13,-6,2,-14,-8,8,6
1149,0,0,0,0,0,0,0,0,0
1150,1,-1,-1,0,0,0,1,2,0
1151,0,0,0,0,0,0,0,0,0
1152,0,0,0,0,0,0,0,0,0
1153,39,-6,-15,-17,0,14,5,-13,-17
1154,29,-11,-9,552,137,48,209,67,36
1155,1,-1,-1,-1,-1,0,0,0,0
1156,969,-21,-226,-229,-106,30,1,108,-65
1157,20,27,-8,-8,3,23,1,18,12
1158,0,0,0,0,0,0,0,0,2
1159,5,-1,-5,-5,-4,-4,-4,-4,-3
1160,8,-7,-6,-2,6,-4,-5,-4,-3
1161,1,-1,0,0,0,-1,1,0,1
1162,0,0,0,0,0,0,0,0,0
1163,178,-5,-69,59,42,-9,110,97,54
1164,135,-44,90,22,-61,11,-67,-40,-75
1165,13,-9,-5,-3,9,25,3,7,-10
1166,7,-6,-3,-5,-5,-4,-2,-3,-3
1167,872,-330,-241,1725,82,-160,-106,-294,-394
1168,8,12,-4,-7,-6,-4,-2,1,0
1169,22,44,-4,-24,-18,-1,-2,-14,-9
1170,2,0,-2,-2,0,-2,-2,-1,-1
1171,3,1,-2,-1,0,0,-3,-2,-1
1172,473,-81,-149,-222,-153,-83,-15,81,-37
1173,37,-11,-12,-3,-6,-16,7,9,17
1174,17,4,-11,8,6,-13,1,-7,-6
1175,1,-1,-1,1,-1,-1,-1,-1,-1
1176,51,28,6,-7,-14,-28,-6,6,-25
1177,8,-7,-7,0,-5,-4,-4,5,-2
1178,20,-8,-16,-13,-8,-10,-11,-7,-2
1179,1808,15,-129,1181,372,-11,-6,122,-469
1180,2847,-539,-777,-379,-511,-458,21,247,-751
1181,3,-2,1,-2,3,0,3,-1,1
1182,263,-14,-81,-92,-58,-59,34,70,-36
1183,292,-23,-116,-91,-7,17,96,71,-51
1184,0,0,0,0,0,0,0,0,0
1185,1,-1,-1,-1,1,-1,-1,-1,-1
1186,1,1,0,0,-1,-1,-1,-1,0
1187,0,0,0,0,0,0,0,0,0
1188,1,1,1,0,-1,1,0,-1,0
1189,0,0,0,0,0,0,0,0,0
1190,27,1,4,-3,-2,18,41,-12,-12
1191,92,35,-11,52,118,26,5,-5,-27
1192,64,-48,-24,-49,-46,9,19,-35,17
1193,3,3,-3,-2,-2,1,6,3,-1
1194,414,4,-3,159,215,155,115,24,-109
1195,420,202,128,-1,43,-14,311,300,31
1196,0,0,0,0,0,0,0,0,0
1197,55,-38,70,-34,-35,-41,73,41,-17
1198,0,1,0,0,1,1,1,0,0
1199,21,8,-16,-20,-9,-11,-8,-6,-11
1200,2,-1,12,1,3,8,-1,8,3
1201,1,-1,0,12,-1,-1,0,0,-2
1202,0,0,0,0,0,0,0,0,0
1203,0,0,0,0,0,0,0,0,0
1204,0,0,0,0,0,0,0,1,0
1205,0,0,0,0,0,0,0,0,0
1206,1,-1,0,25,24,9,1,1,1
1207,82,-20,-30,-31,27,43,-14,-23,-27
1208,4,-2,-3,0,-4,-4,-3,-2,-3
1209,12,-6,-1,-5,-9,4,-3,3,-8
1210,821,-96,-224,-337,48,503,38,-54,-133
1211,6,-5,0,6,7,-6,6,-5,-5
1212,191,-76,-87,-40,-50,-90,-103,-47,-64
1213,6,-1,0,1,-4,-5,-2,-5,2
1214,1,-1,-1,-1,-1,-1,0,-1,1
1215,0,0,0,0,0,0,0,0,0
1216,4,1,-4,2,-1,-3,2,1,1
1217,1,-1,0,5,0,3,1,2,11
1218,0,0,0,0,0,0,0,0,0
1219,2,4,2,10,10,-1,-2,-3,1
1220,0,0,0,0,0,0,0,0,0
1221,0,0,0,0,0,0,0,0,0
1222,30,43,0,4,-8,18,-1,14,-4
1223,0,0,0,0,0,0,0,0,0
1224,380,-98,-168,-133,3,281,-17,-156,-171
1225,7,-7,-4,-4,-3,-4,2,2,-2
1226,13,-2,7,-2,2,62,41,17,13
1227,0,0,0,0,0,0,0,0,0
1228,2,-2,1,-1,-1,-2,-1,-1,2
1229,0,0,0,2,0,0,0,0,0
1230,0,2,0,-1,-1,2,-1,0,-1
1231,1,-1,20,0,-2,-2,-2,2,-2
1232,0,0,0,0,0,0,0,0,0
1233,0,0,0,0,0,0,2,0,0
1234,53,1,-29,-1,69,-5,24,-10,12
1235,36,25,4,23,19,19,39,132,10
1236,0,2,0,1,0,0,0,0,0
1237,3,3,1,86,24,-2,1,3,-8
1238,2,2,-1,5,2,-1,2,5,-1
1239,6,2,-6,63,23,1,-6,-6,-9
1240,3,-2,0,4,0,3,5,-3,-3
1241,2,-1,4,5,3,-1,3,6,-1
1242,670,-202,-255,324,-260,-217,-249,-278,-178
1243,2,1,-1,0,0,-2,-1,8,0
1244,1,-1,-1,-1,-1,-1,-1,-1,-1
1245,0,0,0,0,0,0,0,0,0
1246,11,-5,-10,-9,-2,-2,11,-2,-2
1247,0,0,0,0,0,0,0,0,0
1248,0,0,0,1,0,0,0,1,1
1249,4,-1,-1,-4,-4,-2,-2,-2,-2
1250,0,0,0,0,0,0,1,0,0
1251,0,0,0,0,0,0,0,0,0
1252,0,0,0,0,0,0,0,0,0
1253,0,0,0,0,0,0,0,0,0
1254,0,0,0,0,0,0,0,0,0
1255,0,0,0,0,0,0,0,0,0
1256,32,23,-11,83,1,-23,-19,-14,-21
1257,207,11,-37,85,-31,-64,22,-51,-55
1258,165,20,-77,-69,-49,-38,-3,-32,-33
1259,131,-43,-98,-103,-37,-73,-66,-87,-43
1260,6,6,-2,-5,0,1,-2,17,-5
1261,6,2,-6,3,-4,7,27,4,15
1262,104,297,539,204,135,181,582,330,47
1263,2,0,-1,-1,2,2,0,2,-1
1264,113,7,-45,-40,-19,-47,-50,-41,-58
1265,780,-76,-102,-165,-71,109,23,225,53
1266,0,0,0,0,0,0,0,0,0
1267,0,0,0,0,0,1,0,0,0
1268,6,0,-3,3,-1,1,-2,-3,4
1269,0,0,0,0,0,0,0,0,0
1270,4,-3,-4,1,-1,0,-2,-1,-3
1271,11,9,8,3,-7,-6,-2,-11,-8
1272,3,-3,0,-3,-1,-1,3,-1,5
1273,15,-2,-4,26,15,8,24,18,6
1274,14,-10,-10,1,0,-11,-8,-2,-6
1275,8,4,-3,0,9,-4,-4,3,3
1276,5,0,-5,-2,8,0,-2,-1,-2
1277,18,-2,-3,2,-3,3,7,3,7
1278,0,0,0,0,0,0,0,0,0
1279,0,0,0,0,0,0,0,0,0
1280,6,-1,3,-3,0,5,3,-3,0
1281,4,-3,-4,3,2,-2,2,-1,-1
1282,1,-1,-1,3,1,-1,-1,-1,-1
1283,394,-146,-187,-189,-188,122,10,-92,-100
1284,2,-2,3,0,1,-2,-2,-1,-2
1285,11,0,-2,3,3,-6,1,5,4
1286,117,16,-44,-80,-73,-64,-20,14,-49
1287,0,0,0,0,0,0,0,0,0
1288,0,0,0,0,0,1,0,0,0
1289,0,0,0,0,0,1,0,0,0
1290,0,0,0,0,0,0,0,1,1
1291,5956,-1560,-1199,-1075,103,22,4,-46,-1073
1292,2,-1,1,2,-2,5,5,2,5
1293,0,0,0,0,0,0,0,0,0
1294,13,-7,6,-6,-8,-5,-8,-8,-8
1295,0,0,0,0,0,0,0,0,0
1296,0,0,0,0,1,1,0,0,0
1297,2,-2,-2,-2,-2,-1,0,1,0
1298,1649,-52,-418,1171,1350,151,-152,-234,-704
1299,0,0,0,0,0,0,0,0,0
1300,0,3,-1,0,0,0,0,0,0
1301,3340,206,-710,-273,-579,-206,133,404,-824
1302,30,0,-23,-7,34,-1,-18,-3,-11
1303,0,0,0,0,0,0,0,0,0
1304,10,-7,-5,-2,5,-5,-5,-1,-4
1305,13,-2,-7,0,-1,3,8,2,-8
1306,1924,-248,-454,949,-519,-716,-567,-729,-223
1307,0,2,0,0,0,0,0,0,0
1308,45,-25,-35,-37,-28,-24,-24,-11,-7
1309,36,-21,-1,-12,0,4,-4,18,-16
1310,0,0,0,1,0,0,0,0,0
1311,6,1,-3,-2,-5,-2,-2,2,-1
1312,259,-89,-80,-43,10,23,81,-34,30
1313,225,-111,-90,-51,-71,-47,-35,-53,-100
1314,4,3,0,1,-3,-1,-3,-2,-1
1315,1,-1,-1,4,5,3,2,-1,4
1316,0,0,0,1,0,1,0,1,0
1317,68,-47,-33,-48,-28,-36,-35,-20,-43
1318,78,-24,-50,-34,-18,-30,-4,-23,-18
1319,15,-3,-4,-11,-6,-10,-5,-7,-9
1320,21,6,-4,-3,0,-7,-9,2,-11
1321,0,1,-1,0,0,0,1,0,0
1322,1,-1,0,-1,-1,-1,-1,-1,-1
1323,0,0,0,0,0,0,0,0,0
1324,2,-2,0,-1,-1,-1,-1,-1,1
1325,0,0,0,0,0,0,0,0,0
1326,39,-12,-7,-11,3,-27,-13,-5,-11
1327,2,-2,0,0,3,-2,-1,-1,-1
1328,10,-8,5,-2,-5,-4,0,-1,-2
1329,1,0,0,2,-1,-1,0,2,-1
1330,53,-25,-35,-21,-32,-26,-9,-13,-4
1331,34,5,1,20,10,8,7,-9,-34
1332,2,-2,-1,-1,-1,-1,2,2,6
1333,3084,-230,166,445,120,-231,-96,166,-288
1334,0,0,0,0,0,0,0,0,0
1335,0,0,0,0,4,0,0,0,0
1336,31,-24,-11,14,1,-1,-19,5,-6
1337,40,7,-12,-18,115,28,-3,41,-20
1338,7,-1,-5,-1,-4,3,-4,0,-3
1339,0,0,0,0,0,0,0,0,0
1340,0,0,0,0,0,0,0,0,0
1341,470,-188,-329,-333,-316,-214,-182,-239,-217
1342,1,-1,-1,0,0,0,0,1,0
1343,87,92,-46,-45,62,-18,-28,50,32
1344,23,-19,-13,-19,-19,-14,-17,-15,-12
1345,100,-56,-45,-40,-40,-24,21,-27,-6
1346,0,0,0,0,0,0,0,0,0
1347,0,0,7,5,1,0,6,17,-1
1348,26,17,-1,-22,0,12,-14,-16,3
1349,2,5,0,-2,4,-2,-2,-1,0
1350,161,-48,-6,-28,-54,49,31,786,-25
1351,0,0,0,0,0,0,0,0,0
1352,0,1,0,0,0,0,0,0,8
1353,223,234,-11,66,58,-34,-90,-47,4
1354,2,-2,-2,-1,-1,0,0,-1,0
1355,2,-1,-1,-2,2,-1,1,-2,1
1356,630,-25,-12,-225,-154,-36,103,42,-170
1357,24,-10,-12,-11,1,23,-2,5,2
1358,0,0,0,0,0,0,0,0,0
1359,57,-7,-12,1,-5,-16,7,-33,-24
1360,114,-50,-28,-40,-6,36,20,-38,-33
1361,0,0,0,0,0,0,0,0,0
1362,0,0,0,0,0,0,0,0,0
1363,6,-5,-3,0,-5,-3,-5,-5,-3
1364,1,-1,-1,0,-1,-1,0,-1,6
1365,12,1,1,-7,-11,-1,5,1,9
1366,0,0,0,0,0,0,0,0,0
1367,0,0,0,0,0,0,0,0,0
1368,0,0,0,0,0,0,0,0,0
1369,5,-5,-1,4,22,180,61,46,-13
1370,0,0,0,0,0,0,0,0,0
1371,24,-11,-10,13,26,5,11,7,-10
1372,0,5,1,4,2,-1,-1,-1,0
1373,9,-6,-5,3,-6,3,13,-3,-4
1374,4,-3,-2,8,38,-1,13,-5,-6
1375,0,0,0,0,0,0,0,0,0
1376,1280,-185,-295,-229,-56,-154,264,43,-248
1377,1173,-30,-89,341,-80,-65,-3,223,-261
1378,0,0,0,0,0,0,0,0,0
1379,142,-22,-51,-6,51,-19,16,-7,-32
1380,14,-2,-7,-3,9,-4,14,7,-1
1381,7880,-1863,995,-389,-965,-859,-2199,-591,-451
1382,14,-1,2,-11,4,-5,3,-3,-3
1383,330,-108,-32,-171,33,30,-18,-6,-107
1384,1,0,-1,2,-1,0,0,-1,0
1385,1,-1,-1,-1,-1,0,-1,-1,0
1386,5,-2,-1,-1,-3,-4,-2,28,-5
1387,64,-27,-17,-18,-15,13,268,34,-9
1388,1,-1,-1,-1,-1,-1,-1,3,-1
1389,2,-2,3,-2,-2,-1,-1,-1,2
1390,0,0,0,0,0,0,0,0,0
1391,29,0,3,3,-15,-24,21,89,-5
1392,539,63,-148,-63,-62,-155,91,191,-143
1393,0,0,0,0,0,0,0,0,0
1394,1,0,-1,-1,6,-1,-1,0,0
1395,0,1,0,1,0,0,0,3,-1
1396,0,0,0,0,0,0,1,0,0
1397,11,0,2,-7,1,3,1,2,-3
1398,0,0,0,0,0,0,0,0,0
1399,109,26,-59,6,157,-21,43,311,93
1400,8,-3,-6,-8,-6,1,-2,-2,-5
1401,0,0,0,0,0,0,0,0,0
1402,1,-1,-1,-1,-1,-1,0,-1,-1
1403,1,0,-1,0,-1,-1,-1,-1,-1
1404,4,-2,-4,-3,2,3,4,1,-2
1405,1,-1,-1,0,0,0,0,0,0
1406,11,10,-12,-4,-9,-9,-10,-8,-9
1407,13,-11,-6,-1,-9,-1,-7,-6,-4
1408,3,-3,-3,-2,-2,-1,1,-2,1
1409,276,-120,-1,113,-95,-120,-97,-57,-37
1410,0,0,0,0,0,0,0,0,0
1411,13,-10,-3,-5,9,-3,-2,-4,1
1412,67,-35,11,-21,-24,-9,19,-25,-5
1413,16,-6,-4,15,88,24,5,12,12
1414,83,5,-38,645,215,139,218,217,1348
1415,0,0,0,0,0,0,0,1,0
1416,1,-1,-1,0,2,-1,1,-1,-1
1417,4,-3,0,2,0,18,11,-4,-3
1418,1,-1,-1,-1,-1,-1,-1,-1,-1
1419,166,-79,-84,85,135,247,329,-5,59
1420,0,0,1,0,3,0,11,2,-1
1421,0,0,0,0,0,0,0,0,0
1422,1,-1,-1,-1,1,0,-1,-1,-1
1423,3,7,4,-2,0,1,-2,-2,10
1424,122,-6,156,71,-15,208,-23,-67,-49
1425,6,-1,7,0,-3,13,-7,-3,-5
1426,188,-58,-12,340,59,-24,-67,-112,-50
1427,0,0,0,0,0,0,0,0,33
1428,31,-16,0,24,-2,-9,6,19,-11
1429,1,0,0,-1,-1,-1,1,1,-1
1430,15,-3,-5,23,-11,-6,-5,-6,3
1431,16,-9,-8,-7,6,-8,-4,-12,-7
1432,30,0,-2,-12,1,8,3,15,-2
1433,83,-17,7,-43,-38,-40,-9,152,-24
1434,6,-2,-2,-5,-2,-3,-4,1,-5
1435,9,-4,-8,-8,-2,2,-1,1,1
1436,1445,-38,-62,-10,-269,382,-148,-235,172
1437,4,-4,2,-1,-4,-3,-3,3,-3
1438,0,0,0,0,0,0,0,0,0
1439,0,0,0,0,0,0,0,0,0
1440,108,-46,-23,-1,-23,-21,56,-16,-17
1441,0,0,0,0,0,0,0,0,0
1442,0,0,0,0,0,0,0,0,0
1443,7,-4,-6,9,-7,-6,7,-2,5
1444,827,-399,-332,859,1270,-16,-53,-335,-43
1445,39,57,-6,-18,-22,12,-14,13,-14
1446,0,0,0,0,0,0,0,0,1
1447,2,-1,-2,1,-1,-1,1,0,0
1448,1,0,-1,-1,0,-1,-1,-1,-1
1449,515,-232,-203,-159,-158,-99,-126,-64,-175
1450,53,1,-14,-20,3,11,-8,-4,34
1451,17,-9,5,-12,-4,9,-8,-6,-2
1452,0,0,0,0,0,0,0,0,0
1453,2,-2,-2,-2,-2,-2,4,-2,-2
1454,1,0,-1,-1,5,1,-1,2,0
1455,2,7,-3,8,29,-3,-5,-3,-1
1456,4610,-954,-579,2010,1633,961,246,-445,-948
1457,1,-1,0,-1,-1,-1,-1,0,0
1458,158,-24,-59,-72,-66,43,33,56,338
1459,2,-2,-2,-1,1,-2,-2,-2,-1
1460,35,92,-27,-33,-21,4,-21,6,-2
1461,2,-2,-2,-1,0,-1,-1,0,-1
1462,0,0,0,0,0,0,0,0,0
1463,46,13,-2,218,171,13,45,37,25
1464,0,0,0,0,0,0,0,0,0
1465,36,-6,-2,15,-19,-23,-12,-22,-20
1466,4,-4,8,35,0,0,0,-7,-3
1467,0,0,0,0,0,0,0,0,0
1468,57,6,30,62,10,-7,-34,7,-42
1469,0,0,0,0,0,0,0,0,0
1470,0,0,0,0,0,0,0,0,0
1471,0,0,1,1,0,0,0,0,0
1472,0,0,0,0,0,0,0,0,0
1473,61,19,-3,9,7,-26,-5,22,-22
1474,36,23,-3,-10,11,-10,12,-21,22
1475,2,1,-2,-1,2,0,-2,-1,-1
1476,7,3,-6,8,-1,2,16,20,-6
1477,32,-14,-6,-4,-6,-10,-2,4,-2
1478,0,0,1,0,0,2,-1,1,-1
1479,2,1,1,-1,2,-2,-2,2,6
1480,628,16,-19,39,-35,61,-112,-68,-411
1481,65,-6,-43,47,0,35,-11,-7,-22
1482,42,-19,19,-6,-10,28,70,20,30
1483,20,5,-2,1,-9,-13,4,-9,-6
1484,0,0,0,5,0,-1,-1,-1,-1
1485,0,0,0,0,0,0,0,0,1
1486,20,12,-8,-12,15,-14,29,-1,-20
1487,77,-24,-62,-30,82,11,3,58,145
1488,6,0,-1,35,30,3,-6,4,7
1489,0,0,0,0,0,0,0,0,0
1490,0,0,0,0,0,0,0,0,0
1491,22,-11,-18,-20,-14,-11,-2,-7,-12
1492,1,-1,1,-1,-1,1,-1,0,3
1493,1,-1,0,-1,1,1,-1,0,-1
1494,10,18,-3,-8,-11,-8,-2,5,-6
1495,0,0,0,0,0,0,0,0,0
1496,0,0,0,0,0,0,0,0,0
1497,208,-145,-162,-170,-129,-114,-10,-112,-97
1498,0,0,0,0,0,1,5,0,0
1499,21,-5,-13,-16,-12,-2,42,-2,17
1500,0,0,0,0,0,0,0,0,0
1501,0,0,0,0,0,0,0,1,4
1502,6,-3,-4,6,-3,5,23,2,-2
1503,1,-1,13,6,-2,-1,-1,-2,-2
1504,1,-1,-1,3,-1,4,0,1,5
1505,0,0,0,0,0,0,0,0,0
1506,211,-65,-93,-87,-99,-48,-15,2,-85
1507,0,0,0,0,0,0,1,0,0
1508,0,0,0,0,0,0,0,0,0
1509,30,-11,-7,-7,0,-14,-7,-3,3
1510,0,0,0,0,0,0,0,0,0
1511,0,0,0,1,0,0,0,15,-1
1512,107,-18,2,-52,-31,-20,90,24,-53
1513,17,0,0,-10,-8,-3,-10,199,10
1514,93,-36,-56,-49,-16,-32,30,30,-16
1515,9,0,-1,-6,-5,0,-5,2,-2
1516,313,130,45,143,115,87,113,95,-22
1517,2,-2,1,-2,0,1,-1,-1,1
1518,0,0,0,0,0,0,0,0,0
1519,24,-17,-16,-17,-4,-15,-7,17,3
1520,0,0,0,0,0,0,0,0,0
1521,1937,-357,1344,1082,196,-699,-329,-465,-812
1522,1,-1,7,-1,-1,0,0,0,6
1523,31,-19,-9,-14,-3,18,1,0,5
1524,81,-39,-61,-15,-55,-44,-42,-26,-29
1525,0,0,0,0,0,0,0,0,0
1526,2,-2,-1,-1,-1,3,-1,-1,-1
1527,573,-215,124,412,134,68,178,186,162
1528,8,-7,10,-4,-4,-5,-4,-6,31
1529,0,2,0,0,0,0,0,0,0
1530,0,0,0,3,0,0,0,0,0
1531,5,-3,-4,-4,-3,-3,-3,-3,-1
1532,0,0,0,1,0,0,0,0,0
1533,0,0,0,0,0,0,0,0,0
1534,0,0,0,0,0,0,0,0,0
1535,12,1,8,-9,0,20,3,60,5
1536,1,-1,-1,-1,-1,0,0,1,0
1537,54,4,-23,-19,-1,-5,26,-19,-26
1538,2,-1,5,0,0,-2,35,-2,-3
1539,273,36,141,180,76,-5,70,102,-24
1540,12,-2,0,-1,4,4,-1,-4,-10
1541,706,63,-98,171,302,-2,-49,-133,-185
1542,3,-3,3,1,-3,-1,3,1,0
1543,97,-41,-67,-56,-38,-43,-33,-25,-48
1544,13,-7,-5,-11,-5,-8,-10,-9,-6
1545,4,-2,-3,-3,-3,1,-2,5,-3
1546,7,-5,-3,0,39,11,2,-4,-3
1547,0,0,0,0,0,0,0,0,0
1548,75,56,-1,-56,-43,-51,-33,103,23
1549,38,9,45,-15,2,-2,34,-17,-24
1550,0,0,1,1,0,0,0,0,0
1551,0,0,0,0,0,0,0,0,0
1552,3,3,-3,-2,0,2,41,12,-3
1553,30,63,-20,-10,16,5,3,49,66
1554,1,-1,-1,1,6,-1,-1,-1,1
1555,1,-1,0,-1,-1,0,-1,2,1
1556,8,-8,-1,-3,-4,-2,-2,0,-6
1557,10,-1,-3,2,10,19,11,-2,-1
1558,0,0,0,0,3,0,2,0,-1
1559,0,0,0,0,0,0,0,0,0
1560,1,2,3,-2,-2,-2,-1,-1,-1
1561,0,0,0,0,0,0,0,0,0
1562,419,-164,-183,-191,0,56,-44,27,-161
1563,209,-74,-67,-75,-75,-29,-50,-16,-86
1564,7,-1,-6,3,13,-5,7,2,3
1565,1,-1,-1,-1,-1,0,0,-1,0
1566,182,-32,-49,210,47,64,-12,-62,-74
1567,112,-9,-38,-52,-17,-31,-18,-33,-47
1568,419,-78,-128,-68,49,345,489,506,1
1569,0,0,0,0,0,0,0,0,0
1570,22,-15,-13,-19,-9,-14,-12,-10,-8
1571,26,-12,21,-4,-3,-1,-10,1,-7
1572,109,-26,-7,121,38,74,12,29,-6
1573,11,-7,3,-3,6,-5,12,57,5
1574,19,-11,-5,-7,5,-4,-11,34,18
1575,1,-1,-1,-1,-1,-1,21,-2,-2
1576,6,-5,-5,-3,-1,-4,5,17,-5
1577,39,49,-16,5,-7,14,-18,-9,-15
1578,0,0,0,0,0,0,0,0,0
1579,1,-1,0,23,26,-1,-3,5,-2
1580,0,0,0,0,0,0,0,0,0
1581,2,-2,-1,-1,0,2,-2,2,-1
1582,0,0,0,0,0,0,0,0,0
1583,1,-1,2,-1,-1,-1,-1,-1,-1
1584,2,-2,0,3,-2,-2,1,0,0
1585,0,0,0,0,0,0,2,0,0
1586,0,0,0,0,0,0,0,0,0
1587,28,-17,3,-4,32,-3,37,-14,-27
1588,281,-232,121,676,1019,382,20,160,349
1589,267,57,-29,44,91,-20,-50,-48,-178
1590,774,362,181,241,481,205,467,1469,434
1591,0,0,0,0,0,0,0,0,0
1592,0,0,0,0,0,0,0,12,-1
1593,0,0,0,0,1,0,0,0,0
1594,0,0,0,0,0,0,0,0,0
1595,1,-1,-1,-1,-1,-1,-1,0,1
1596,0,0,0,0,0,0,0,0,0
1597,32,31,-33,-30,-28,-23,-18,-3,18
1598,5,-4,11,-5,-3,-3,-2,-1,-3
1599,13,21,-9,-1,15,-4,-3,-5,2
1600,0,0,1,0,0,0,1,0,0
1601,379,-117,-34,-46,-67,15,-11,18,-149
1602,2,-2,-2,-1,-2,-2,0,-1,-2
1603,0,0,0,0,0,0,0,0,0
1604,0,0,0,0,0,0,0,0,0
1605,0,0,0,0,0,0,0,0,0
1606,169,-68,-48,412,642,523,268,146,-1
1607,42,-14,-11,10,-9,2,6,-2,-22
1608,10,1,2,-6,5,0,-3,4,1
1609,4,7,0,-1,-4,23,-4,-3,-5
1610,1,-1,-1,-1,-1,-1,-1,-1,-1
1611,2,-2,-1,7,0,1,0,-1,-2
1612,39,-22,-31,-33,-4,1,-6,-5,-15
1613,31,-17,-10,-16,17,23,25,6,-9
1614,0,0,0,0,0,0,0,0,0
1615,251,179,17,-106,-4,-39,337,1232,231
1616,883,-446,-279,-458,-421,-329,-284,-125,-282
1617,0,0,0,0,0,0,0,0,0
1618,0,0,0,0,0,0,0,0,0
1619,0,0,0,0,0,0,0,0,0
1620,0,0,1,0,0,0,0,0,0
1621,3,-2,-2,-1,8,1,0,4,-1
1622,152,176,-73,-18,112,88,-83,-64,-62
1623,1254,-265,-336,-334,-235,171,-16,148,-233
1624,0,0,0,0,0,0,0,0,0
1625,5,2,7,14,25,-2,7,13,-7
1626,0,0,1,0,0,0,0,0,0
1627,0,0,0,0,0,0,0,0,0
1628,32,-2,-22,-30,-25,-27,-23,-21,-20
1629,12926,-1995,-1293,2414,2103,-1060,932,-562,-2886
1630,548,-453,-442,149,50,-60,85,43,6
1631,5,3,-2,-5,3,-4,4,-2,-3
1632,2,-2,2,-2,1,-1,-1,-1,-1
1633,0,0,0,0,0,0,0,0,0
1634,52,19,-17,-17,-30,-31,-2,9,-31
1635,0,0,0,0,0,0,0,0,0
1636,1,-1,0,0,0,3,1,-1,-1
1637,0,0,0,0,0,0,0,0,0
1638,9,-3,-7,-2,-4,1,-5,-4,-4
1639,15,-7,9,13,-3,-5,2,2,16
1640,2,12,1,1,1,-1,0,-2,-3
1641,0,1,0,0,1,0,0,0,0
1642,0,0,0,2,0,-1,2,-1,-1
1643,13,18,-4,1,-10,-6,-5,10,-12
1644,1,0,0,12,1,-2,-1,-2,-2
1645,0,0,0,0,0,0,0,0,0
1646,0,0,0,0,3,0,0,0,0
1647,0,0,0,0,0,0,0,0,0
1648,1,-1,-1,70,-5,-5,-3,0,-5
1649,227,-52,-64,-37,-5,144,-12,949,744
1650,5,-5,-4,-4,-4,-4,-3,-2,1
1651,2,1,2,2,6,1,12,3,-1
1652,4,-4,-3,3,1,-4,-1,4,1
1653,5,-1,-2,-4,-4,11,2,8,-4
1654,2,0,-1,-1,2,-2,1,2,-2
1655,21,19,-13,-9,14,-16,-21,16,61
1656,0,1,-1,0,1,0,0,0,0
1657,62,39,-35,-11,8,34,5,76,24
1658,5,-3,-4,-2,-3,-3,-2,-2,-3
1659,23,-11,-1,-9,3,13,20,-10,-13
1660,125,-34,0,-39,-49,9,-11,1,-70
1661,0,0,0,0,0,1,0,0,0
1662,0,0,0,0,0,0,0,0,0
1663,3,-1,-1,-3,-3,-3,0,0,-2
1664,1600,-502,-724,-245,-538,-298,-199,-45,-621
1665,0,0,0,0,0,0,0,0,1
1666,1,-1,-1,-1,-1,-1,-1,-1,-1
1667,0,1,0,0,0,0,0,0,0
1668,70,-28,-21,-15,-3,-20,-14,-7,-22
1669,1,-1,-1,-1,-1,-1,-1,3,-1
1670,1,1,-1,3,-1,-1,0,-1,-1
1671,1,8,-2,-2,-2,6,-2,-2,-2
1672,0,0,0,0,0,0,0,0,0
1673,0,0,1,0,0,0,0,0,0
1674,0,0,0,0,1,0,0,0,0
1675,41,-13,-9,-30,-24,-17,95,132,-24
1676,7,-5,2,-7,-3,-6,-4,-6,-5
1677,59,73,139,173,180,95,-10,-35,-35
1678,37,-22,-20,-25,-19,-16,-17,17,120
1679,0,1,0,0,0,0,0,0,0
1680,5,4,-2,5,23,1,25,38,-4
1681,7,-7,-3,-6,-6,-5,-4,-5,-4
1682,209,-134,-86,61,-7,-2,-68,-97,-67
1683,0,0,0,2,-1,2,0,0,6
1684,0,1,0,2,0,0,0,0,1
1685,0,0,0,0,0,0,0,0,0
1686,98,-48,-37,-64,-45,-55,-27,-66,-71
1687,0,0,0,0,0,0,0,0,0
1688,0,0,0,0,0,0,0,0,0
1689,4,-3,-3,-3,28,6,2,9,-6
1690,2,-2,-2,-2,-1,-1,0,-1,-1
1691,12,1,9,15,0,-6,-8,-3,-12
1692,35,68,-5,-20,-13,-27,29,96,29
1693,5,-1,2,-2,-3,11,-4,13,-2
1694,0,1,0,0,1,0,0,0,0
1695,2,0,-2,-2,3,-1,0,3,-1
1696,26,6,-7,9,-1,-5,-1,9,-9
1697,4,-4,-1,0,0,-3,3,-1,-1
1698,377,-83,-11,340,347,-18,-44,607,35
1699,13,-8,-11,-3,-6,-6,-8,1,-3
1700,4,-2,-2,3,-3,7,3,1,-2
1701,0,0,0,0,0,0,0,0,0
1702,0,0,0,0,0,0,0,0,0
1703,118,-33,-22,64,83,165,72,29,60
1704,28,0,46,23,-1,5,-19,-24,-27
1705,3,-3,-2,-1,-1,5,-3,7,-2
1706,1,-1,-1,-1,-1,0,0,0,0
1707,2,-1,0,-1,0,-1,1,-1,0
1708,1296,-112,-33,-434,-480,-641,-545,-448,-603
1709,4,2,-3,2,12,-1,-4,11,-5
1710,1,-1,-1,-1,-1,-1,-1,-1,-1
1711,0,0,0,0,0,1,0,0,0
1712,5,-5,-4,4,-3,-4,0,-2,-4
1713,0,1,0,0,0,0,0,0,0
1714,1,-1,-1,-1,-1,-1,-1,-1,-1
1715,7,-6,-3,-5,2,6,0,-2,22
1716,39,-10,22,-10,-6,-25,-10,18,-8
1717,0,0,0,0,0,0,0,0,0
1718,2,0,-1,-1,-1,2,16,-1,-1
1719,32,-19,16,-15,47,27,15,99,-14
1720,0,0,0,0,0,0,0,0,0
1721,74,79,-3,-18,26,17,-6,-25,-38
1722,0,0,0,0,0,0,0,1,0
1723,1,-1,0,-1,-1,-1,0,-1,2
1724,1,-1,-1,-1,0,-1,-1,0,0
1725,3,-3,4,0,24,-4,-1,-4,-4
1726,0,0,0,0,0,0,0,0,0
1727,28,-15,-17,-8,36,5,-6,-14,-13
1728,5,-1,-5,-2,-4,6,-2,-1,-4
1729,8,-3,76,22,-5,-10,-6,-6,-1
1730,1,-1,-1,1,-1,-1,2,-1,0
1731,145,-16,-61,-43,-33,36,41,36,-30
1732,23,-12,7,29,4,10,54,31,-23
1733,1,-1,-1,-1,-1,0,0,0,1
1734,20,-16,-13,-15,-9,-3,6,-9,-5
1735,0,0,0,0,0,0,0,0,0
1736,0,0,0,0,0,0,0,0,0
1737,4,-4,-3,-2,-3,1,-2,-1,-3
1738,9,5,-1,-6,-6,-3,1,8,10
1739,2,-1,-2,-1,-1,-2,-2,-1,-2
1740,4,-4,-3,-3,-3,-2,-3,-3,-2
1741,38,23,-32,-36,-34,-23,-24,-26,-17
1742,0,0,0,0,0,0,0,0,0
1743,231,157,-24,18,343,26,113,1744,524
1744,2,0,-2,-2,6,4,-2,3,-2
1745,90,67,-14,29,287,138,-20,3,60
1746,1,25,-2,-3,-2,-1,-2,1,-1
1747,0,0,0,0,0,0,0,0,0
1748,23,17,-9,-16,-5,7,106,543,717
1749,18,-7,-13,18,-11,6,-8,-10,-15
1750,1,-1,-1,-1,-1,-1,2,-1,2
1751,3,-3,-1,-1,-2,-2,-1,-1,-2
1752,17,-10,-11,5,15,10,-11,11,5
1753,0,0,0,0,0,0,0,0,0
1754,15,-6,-6,-12,-12,0,10,-4,-11
1755,2,-2,-2,-1,-1,-1,-1,-1,-1
1756,778,-148,-161,80,-232,-88,-71,-92,-395
1757,0,0,0,0,0,0,0,0,0
1758,103,-61,-46,-84,-52,-54,279,308,-70
1759,0,0,0,0,0,0,0,0,0
1760,0,0,0,0,0,0,0,0,0
1761,148,-12,-11,-26,-32,25,51,-24,5
1762,9,-9,-5,-7,-4,14,-4,-2,-5
1763,50,-44,-35,7,-39,-33,-16,-20,-25
1764,879,2,359,466,59,-110,-20,269,110
1765,0,0,1,1,0,0,0,0,0
1766,0,0,0,0,0,0,0,0,0
1767,106,-38,-74,43,87,26,47,2,-59
1768,0,2,0,1,1,0,0,0,2
1769,6,-3,-4,-6,-1,10,-4,-3,-5
1770,3,-1,-2,-3,-1,-2,-1,-2,0
1771,258,-101,-106,-120,-79,-27,58,15,-32
1772,17,-13,21,71,18,-6,0,-7,-7
1773,1,1,-1,-1,-1,-1,-1,-1,-1
1774,19,-9,-10,1,3,3,14,2,2
1775,0,0,0,0,0,0,0,0,0
1776,2,-2,-1,0,-2,-2,-1,-2,0
1777,7,3,-7,-6,4,1,-2,-1,-5
1778,2,-1,5,2,4,13,-1,-1,-1
1779,18,-17,-1,3,13,-3,-9,6,-12
1780,37,-22,-15,6,30,-14,7,4,9
1781,2,0,1,-2,0,0,1,2,-2
1782,0,0,0,0,0,0,0,0,0
1783,114,-26,-1,56,4,-12,-30,-12,-14
1784,0,0,0,0,0,0,0,0,0
1785,9,-7,-5,-7,-1,-3,18,6,14
1786,2,-1,3,-2,13,0,-3,0,-2
1787,6,4,1,-1,-2,-6,-2,11,1
1788,232,-62,-136,-127,-103,-67,-90,-100,-77
1789,10,-8,0,6,-4,2,-1,-3,2
1790,4367,-293,-343,-436,-224,526,306,176,-1270
1791,0,0,0,0,0,0,0,0,0
1792,1,4,-1,-1,-1,-1,-1,-1,-1
1793,0,0,0,0,0,0,0,0,0
1794,20,-8,1,39,-2,-7,31,-1,-15
1795,12,-8,-9,-11,-5,11,-5,-9,-7
1796,1069,-955,211,2622,1716,578,1507,110,-102
1797,0,0,0,0,0,1,0,0,0
1798,27,-3,-16,3,-7,-6,-9,-4,-5
1799,13037,-2486,-3755,-3875,-2893,-3346,-2527,-1354,-2326
1800,0,0,0,0,0,0,0,0,0
1801,13,-10,-4,-6,-1,2,7,6,7
1802,5,1,-3,6,-2,-4,-2,5,-4
1803,2,-1,0,3,-2,-2,-1,-1,-2
1804,2,-2,-1,-1,-1,-1,0,-1,-1
1805,2,1,-1,0,1,1,-2,-1,-2
1806,0,0,0,0,0,0,0,0,0
1807,5,-5,-4,4,-3,1,-4,-4,-4
1808,0,0,0,0,0,0,0,0,2
1809,4,-2,-1,-3,-3,-3,1,6,3
1810,11,13,11,24,4,2,40,1,0
1811,2,-2,-2,-2,-2,-1,0,-1,-2
1812,1,-1,1,-1,1,1,-1,-1,-1
1813,1,12,-2,6,0,13,117,60,124
1814,2,3,1,-2,-2,1,-2,-1,-1
1815,10,-8,-9,-8,-6,-8,29,7,-5
1816,1183,-290,-315,-399,-469,-328,-65,-80,-160
1817,0,0,0,0,0,0,0,0,0
1818,97,73,73,-28,-56,-62,177,242,40
1819,8,-8,-7,-7,-6,-6,-6,-5,-5
1820,0,0,0,0,0,0,0,0,0
1821,6,-6,-3,0,-2,-3,-3,-3,-1
1822,0,1,0,0,0,0,0,0,0
1823,2,4,-1,-2,-1,-1,2,15,-2
1824,10,-6,-4,-1,6,10,-8,-1,-8
1825,0,0,0,0,0,0,0,0,0
1826,1,2,-1,-1,-1,0,9,3,0
1827,5,5,-5,-5,-3,-5,-4,-2,1
1828,24,0,-7,8,26,37,8,-5,-10
1829,999,-340,-267,959,-95,-168,-88,-141,-278
1830,320,-37,-91,261,308,-76,1,-139,-125
1831,7,7,-4,-6,-6,9,-1,-2,-2
1832,24,-22,53,-18,-5,-13,-17,-20,-20
1833,34,-15,-7,-2,2,-1,8,-3,44
1834,374,154,-374,-340,-238,-281,-289,-267,-195
1835,56,-17,7,-19,-9,5,-37,-14,15
1836,189,21,-38,107,13,-27,-58,72,-57
1837,103,1,-9,-48,8,-26,17,56,-30
1838,11,-8,6,-4,-6,-2,-8,1,-8
1839,0,0,0,0,0,0,0,0,0
1840,0,0,0,0,0,0,0,0,0
1841,3,4,-3,-1,0,-2,-3,-3,-1
1842,0,0,0,0,0,0,0,0,0
1843,0,0,0,0,0,0,0,0,0
1844,7,-4,4,-6,12,-3,1,14,7
1845,0,0,0,0,0,0,1,0,0
1846,952,185,279,-44,-3,-88,-150,143,-221
1847,0,0,0,0,0,0,0,1,0
1848,0,0,0,0,0,0,0,0,0
1849,3,-1,-3,-2,1,0,-1,1,-1
1850,1,-1,-1,-1,-1,-1,-1,-1,-1
1851,0,0,0,0,0,0,0,0,0
1852,1,-1,0,-1,-1,-1,-1,0,-1
1853,7,0,0,-4,-1,-5,-1,-6,-3
1854,39,2,-12,-7,-4,3,4,23,132
1855,30,22,-8,89,28,-22,-4,-7,-23
1856,0,0,0,0,0,0,0,0,0
1857,3,-2,-3,-3,2,-3,-1,-2,-3
1858,0,0,0,0,0,0,0,0,0
1859,0,1,-1,1,13,11,41,60,27
1860,19,5,23,9,0,-9,-3,-13,-9
1861,4,0,-1,-4,-4,-1,15,-4,-4
1862,0,0,1,0,0,0,0,0,0
1863,90,5,-41,-35,-22,-4,-9,-15,-31
1864,229,-88,-39,-88,-76,-24,35,1,-34
1865,3744,-292,-1552,-1772,-1431,-801,-319,-359,-1362
1866,54,-21,-1,-25,-25,18,-1,-18,-9
1867,7,-6,-4,-4,8,-7,0,-3,-1
1868,128,-77,-47,-26,-6,19,-22,-11,15
1869,53,-20,-34,4,22,27,49,-18,-9
1870,87,-52,-38,-19,-11,-18,20,-6,-4
1871,100,-61,-73,-71,17,133,178,141,96
1872,0,1,0,0,0,0,0,0,0
1873,15,-7,1,2,1,-3,0,-1,-7
1874,7,-6,13,-2,-5,-3,-1,-4,5
1875,289,108,28,200,121,51,137,93,198
1876,21,-2,-9,-4,-2,1,2,1,-1
1877,68,-16,-45,-12,-17,-22,-15,28,-9
1878,220,-99,-42,-17,-21,0,26,1,21
1879,0,0,0,0,1,0,0,0,2
1880,5,-5,-5,1,-1,-3,0,5,2
1881,660,-137,-192,-168,-201,-266,-137,-109,-198
1882,11,-7,-7,-2,-8,3,1,3,20
1883,80,-46,-38,-20,-22,-26,14,-6,-4
1884,2511,-525,-880,-813,-532,-456,-94,-74,-650
1885,55,-17,-20,-20,-28,13,5,1,-23
1886,9,3,7,-7,4,28,15,4,-6
1887,2,-2,1,1,-2,-1,-2,0,-1
1888,7,0,0,-2,-3,2,4,-5,-4
1889,103,-19,-52,-32,6,-20,27,42,-23
1890,3880,-1140,-1079,-884,-454,-227,-125,403,-269
1891,7,-2,-3,-5,-3,3,10,4,-6
1892,38,-16,8,-12,-24,4,-4,14,23
1893,40,-1,-9,23,-11,-3,25,108,45
1894,47,3,-4,-28,-31,-27,-26,-13,-21
1895,6,-5,-3,-3,-4,2,2,-3,-5
1896,18,2,-10,20,-5,-7,-1,1,-9
1897,3,-3,-3,-1,-3,-1,0,-1,-1
1898,6,-1,-6,-5,-6,-2,-4,-5,-3
1899,17,-1,-3,12,-15,-1,-3,13,1
1900,0,0,0,0,0,0,0,0,0
1901,75,-15,-49,-30,-19,-2,62,9,-22
1902,24,-1,-12,40,14,-5,13,23,1
1903,3,-1,-3,-3,-3,8,2,-3,0
1904,30,-12,-14,-12,-14,0,14,58,33
1905,3,-3,-3,-3,-3,-1,-2,-2,1
1906,0,0,0,0,0,0,7,0,0
1907,98,-7,1,28,15,0,-36,1807,149
1908,46,-26,-9,-16,-13,8,43,234,54
1909,5,-5,-4,-2,41,-3,-4,-5,5
1910,5,-4,-3,-5,1,-4,-3,-1,-3
1911,98,-13,-57,-48,-43,-53,-30,-11,-36
1912,51,-19,-12,-22,-9,0,2,20,-3
1913,7,-5,-5,-4,-4,1,0,-4,-1
1914,6,4,-6,-6,-2,-5,1,-5,-4
1915,4,1,-1,0,2,-2,1,3,-1
1916,0,0,0,0,0,1,1,0,2
1917,7,2,6,4,-7,13,10,11,57
1918,28,-23,-17,24,-8,-4,-25,-10,2
1919,0,1,4,0,1,2,8,4,-2
1920,10,0,-9,-3,-4,11,-6,-2,3
1921,25,-17,-2,-1,-14,-15,-6,-15,-10
1922,46,-10,14,14,9,-8,-7,-2,-16
1923,44,-3,-11,5,-9,-22,-2,-10,11
1924,1444,-651,-861,-791,-559,-566,-490,-271,-344
1925,203,-3,-84,-16,178,54,191,281,125
1926,1956,538,-564,-104,672,1953,1851,2345,639
1927,55,-15,-23,-29,-24,-2,5,9,11
1928,5,-4,-5,-3,2,-1,-5,-3,1
1929,74,-16,-43,-37,-10,-17,-18,-44,-8
1930,74,-40,-35,-49,14,9,0,-5,9
1931,1,2,-1,-1,0,-1,0,-1,-1
1932,2,-1,-1,-1,-2,-2,-2,-1,-1
1933,266,-16,-17,-10,-9,67,45,58,-21
1934,0,0,0,0,0,0,0,0,0
1935,5,0,-3,-3,2,0,-2,-1,-2
1936,2,-2,0,-2,-1,1,2,0,-1
1937,5,-1,-5,-3,-4,-1,-4,-3,-4
1938,0,0,0,0,0,0,2,1,0
1939,0,0,0,0,0,0,1,0,1
1940,2,-1,-2,-2,1,-2,-1,-2,-2
1941,17,-4,-5,-3,4,0,2,11,-9
1942,7,-5,8,-7,-6,-4,-6,-4,-5
1943,0,0,0,0,0,0,0,0,0
1944,1294,-534,-634,-674,-591,-342,-285,-348,-501
1945,282,-74,-122,-129,37,13,-39,10,-22
1946,365,-111,-222,-56,-101,-153,-168,40,-142
1947,12,-10,-9,-7,-5,-7,5,-6,-1
1948,2680,194,-633,-509,-76,369,435,578,-191
1949,28,-5,10,-12,-13,-9,-7,-17,-16
1950,1345,31,-272,-633,-475,-61,7,-134,-428
1951,0,0,4,0,0,0,1,0,0
1952,8,-7,-6,-4,-3,2,-4,-2,-4
1953,0,0,0,0,0,0,0,0,0
1954,54,-7,-30,-21,-19,-9,-14,-11,-14
1955,53,-14,-37,-11,-17,16,-18,19,12
1956,97,66,8,153,312,29,-16,-56,-56
1957,19,-17,-12,-3,17,-1,-17,-11,-16
1958,0,0,0,0,0,1,0,1,1
1959,59,-5,15,-24,-10,-34,-33,-27,-17
1960,75,-27,-24,-34,14,-14,-14,-7,-31
1961,0,0,0,0,0,0,0,0,0
1962,57,-11,-22,50,17,-34,-24,-36,-27
1963,996,-139,86,142,159,-70,57,1,-111
1964,1,-1,-1,-1,-1,-1,2,0,0
1965,3,-1,-1,-1,-1,2,-3,-2,-1
1966,9,-3,-8,-7,-7,-7,-1,-6,-6
1967,0,0,0,0,0,0,0,0,0
1968,1676,-87,-301,-101,1128,228,304,581,143
1969,81,-50,-24,-41,-35,-4,20,37,-8
1970,920,-41,-87,-145,54,63,24,64,-60
1971,4,2,0,-1,2,0,1,-2,-3
1972,1083,64,-255,-534,-444,-291,-61,-29,-343
1973,188,-60,-52,-12,32,65,66,18,-40
1974,1081,-102,-328,-257,-192,-154,54,71,-238
1975,1294,74,-327,-482,-350,-119,-159,80,-421
1976,447,-79,-215,-208,-138,-13,21,153,-133
1977,24,52,132,28,48,73,6,2,-34
1978,0,2,0,0,0,0,0,0,1
1979,1,-1,-1,-1,-1,-1,-1,-1,-1
1980,12,7,-6,-3,-5,1,6,20,0
1981,842,-247,-334,-299,-194,-36,175,412,14
1982,33,-5,-20,-23,-19,-22,-23,-19,-16
1983,7,-4,-5,-5,2,-3,0,-2,7
1984,18,-6,0,-6,-8,3,-4,-4,1
1985,3755,-381,-248,1079,1761,593,1408,953,790
1986,0,0,0,0,0,0,0,0,0
1987,30,-5,-22,-22,-19,-16,-7,-4,-6
1988,1,2,2,1,0,3,-1,-1,0
1989,0,0,0,0,0,0,0,0,0
1990,0,0,0,0,0,0,0,1,0
1991,26,-19,-5,-12,0,17,2,3,7
1992,0,0,0,0,0,0,0,0,0
1993,0,0,0,0,0,0,0,0,0
1994,373,222,-75,-85,106,-100,431,-2,-39
1995,360,130,-158,-131,-215,-60,-119,-113,-148
1996,10,-4,-3,0,-7,6,24,-1,-8
1997,68,-12,30,3,-23,-11,12,-17,7
1998,58,-13,-2,74,60,14,25,-16,-13
1999,21,-1,-13,-7,-8,3,9,3,-11
2000,1,0,1,0,-1,-1,0,-1,-1
2001,5,2,0,3,-4,2,-2,-3,-5
2002,0,0,0,0,0,0,0,0,0
2003,1,-1,-1,-1,-1,-1,0,-1,-1
2004,0,0,1,2,0,1,0,0,1
2005,5381,1035,-357,-284,-473,463,1685,1782,-667
2006,0,0,0,0,0,0,1,0,0
2007,65,-44,-20,13,-6,-17,-23,-27,-7
2008,290,-102,-199,-214,-148,-132,-97,-87,-122
2009,9,-7,-6,3,-2,-2,-3,-4,0
2010,696,-187,-39,-57,-18,203,157,91,-2
2011,0,0,0,0,0,0,0,0,0
2012,6,-4,-6,1,1,-4,8,2,3
2013,2,0,5,-1,-2,-2,-2,-2,-1
2014,87,-17,-11,29,-42,-13,-13,-15,-39
2015,5,-5,-2,-4,-3,-3,-4,-4,-3
2016,1,-1,-1,-1,-1,0,2,-1,-1
2017,0,0,0,0,0,0,0,0,0
2018,30,-17,8,92,158,-15,-23,-28,-27
2019,12,-10,-8,0,0,-8,7,-1,13
2020,1,6,-1,-2,-2,-1,-1,-1,0
2021,6,-6,2,-5,-3,-4,3,-5,-2
2022,1,0,0,0,3,0,-1,0,0
2023,0,0,0,0,0,0,0,0,0
2024,0,0,0,0,0,0,0,0,0
2025,693,47,-316,-265,-142,-4,-72,91,-14
2026,31,8,-4,-15,-8,-12,-6,14,-15
2027,1,-1,1,4,-1,1,3,1,2
2028,38,1,-12,11,145,17,17,6,-15
2029,196,4,-21,80,25,69,104,86,64
2030,2,-1,-1,2,-2,0,1,-2,-2
2031,8,-8,-8,-2,-5,-4,-5,-2,-3
2032,0,0,0,0,0,0,0,0,0
2033,23,-15,-19,-11,-6,14,-8,-7,3
2034,0,0,0,0,0,0,0,0,0
2035,0,0,0,0,0,0,0,0,0
2036,0,0,0,0,0,0,0,0,0
2037,22,-9,-13,-5,-4,-5,7,-5,1
2038,98,-50,-45,40,-8,-17,-18,-12,-35
2039,164,22,-39,-16,22,71,89,109,28
2040,17,-14,-15,-8,-5,-10,-5,-4,-3
2041,0,0,1,0,0,2,2,-1,-1
2042,20,5,-10,4,69,-3,4,-1,-1
2043,864,32,749,376,99,425,21,218,93
2044,209,-44,-91,-26,227,26,-5,45,26
2045,8,-4,-7,5,7,3,-2,-6,1
2046,17,-5,-5,-8,-6,10,1,-5,-11
2047,0,0,0,0,0,0,0,0,0
2048,48,48,31,27,-1,58,2,29,-25
2049,3,-3,-3,-1,0,13,-4,-2,-1
2050,2483,-187,-426,299,315,-164,160,-276,-677
2051,2,2,-1,1,-1,-1,-2,-2,-1
2052,1,-1,0,1,1,3,0,3,0
2053,0,0,0,0,0,0,0,0,0
2054,4,-3,-2,0,6,2,3,1,-4
2055,0,0,0,0,0,0,0,0,0
2056,1,-1,0,-1,-1,0,-1,-1,-1
2057,348,-85,-74,26,-78,-13,-13,28,81
2058,47,-21,-28,10,-27,-17,-7,-8,-31
2059,56,-35,-27,-1,-22,2,3,-18,-32
2060,0,0,0,0,0,0,0,0,0
2061,0,0,1,0,0,0,1,1,1
2062,0,0,0,0,0,0,0,0,0
2063,85,-17,-22,-16,2,-8,2,8,-15
2064,14,-7,-7,0,4,-1,9,3,2
2065,87,-18,-20,-31,-32,-10,24,-11,-21
2066,5,0,3,3,-3,-4,-2,-2,-4
2067,0,0,0,0,0,0,0,0,0
2068,0,0,0,0,0,0,0,0,0
2069,122,-79,-101,-101,-94,-8,-27,-29,-59
2070,1838,-24,545,878,574,668,1234,3573,643
2071,38,-23,20,10,-31,-22,-25,-26,-27
2072,11,-4,-10,26,50,25,0,1,-13
2073,567,40,-107,-95,-179,-66,-149,31,-34
2074,14,-9,-4,6,-4,-7,-4,-7,-4
2075,0,0,0,0,0,0,0,0,0
2076,0,0,0,0,0,1,0,0,0
2077,63,-25,9,-7,-24,-35,-20,-12,-9
2078,251,-18,-55,39,5,-44,-20,-67,-83
2079,0,0,0,0,0,0,0,0,0
2080,0,0,0,0,0,0,0,0,0
2081,2630,-181,-732,30,10,-49,215,-91,-203
2082,44,12,-26,16,-3,-28,5,25,11
2083,34,-9,-30,5,-18,-12,11,-25,-21
2084,6,-1,9,18,12,3,-4,2,9
2085,1,-1,-1,-1,-1,5,-1,0,-1
2086,67,-15,-4,-8,0,34,143,45,56
2087,0,0,0,0,0,0,0,0,0
2088,36,-17,-16,-1,-6,-7,7,9,-6
2089,0,2,-1,0,0,-1,-1,-1,-1
2090,17,-6,-3,-12,-10,1,-2,-10,5
2091,50,-15,-15,-27,-17,-18,-20,-15,-13
2092,0,0,0,0,0,1,0,0,0
2093,13,-4,-1,7,-1,-3,-1,-1,4
2094,182,-88,-117,-32,-51,-90,-94,-37,-71
2095,329,-88,-143,-94,-41,-106,-83,-52,-96
2096,292,-55,-104,84,162,-7,-6,14,-94
2097,18,-11,-12,-5,-9,9,8,12,9
2098,23,23,32,-11,-8,-10,23,12,32
2099,331,4,2,169,297,129,95,45,35
2100,7082,-2784,-2339,-1641,-1662,-2106,-1568,-1523,-2331
2101,0,0,0,0,0,0,0,0,0
2102,0,0,0,0,0,0,0,0,0
2103,5,-4,-3,1,-4,-4,-1,-3,-2
2104,0,0,0,0,0,0,0,0,0
2105,0,0,0,0,0,0,0,0,0
2106,17,-5,0,36,12,-13,-10,-2,8
2107,4,4,7,11,18,4,37,8,4
2108,1,-1,-1,-1,0,-1,0,1,-1
2109,830,-144,-124,41,-49,551,780,-67,65
2110,177,-68,-46,-31,21,-14,2,-40,-71
2111,313,-20,20,-42,-7,-39,24,31,-80
2112,67,-7,-2,-40,-27,-15,-28,-8,-14
2113,436,-78,-146,-147,-119,-74,-93,-35,-54
2114,2014,-390,-387,-572,-395,45,-124,-329,-469
2115,3,-2,5,-2,1,1,-1,2,-3
2116,5,-3,0,5,-1,-4,24,11,-7
2117,76,-16,9,51,-2,-11,20,29,-20
2118,8,6,14,1,6,-6,5,-2,1
2119,688,-280,-154,-102,-124,-22,139,31,21
2120,29,-18,-27,-19,-22,-18,-18,-18,-15
2121,21,-8,-5,12,-12,-6,0,-8,-13
2122,1,0,0,0,-1,0,-1,0,-1
2123,1390,-20,42,65,10,-265,-250,58,-46
2124,5,-4,1,0,1,7,0,-1,1
2125,13,-1,-8,-5,-7,-2,-5,2,-6
2126,108,-37,-38,-24,-47,-43,6,-6,-33
2127,11,-5,-4,4,-6,-5,-8,-3,-6
2128,156,-14,-64,-21,-74,-63,-39,46,-4
2129,7,0,3,228,188,63,40,8,-12
2130,41,4,-16,2,-10,-2,33,-13,-23
2131,40,4,-11,-11,14,-11,-5,-25,-30
2132,0,0,0,0,0,0,0,2,0
2133,0,0,0,0,0,1,0,0,0
2134,0,0,0,0,1,0,0,0,0
2135,22,-10,4,-4,-15,-7,3,-14,-12
2136,5,3,2,0,-3,-2,5,0,-4
2137,592,-9,110,870,224,87,131,27,4
2138,0,0,0,0,0,0,0,0,0
2139,14,5,-3,-8,-5,2,-1,-7,-6
2140,1,-1,0,2,0,0,-1,0,0
2141,0,2,0,0,0,0,0,0,0
2142,8,-1,-5,-4,-7,-5,-1,-3,-5
2143,53,-10,-16,10,-28,-24,-16,-18,-29
2144,39,-7,-13,-20,-24,-11,-20,-17,-7
2145,37,141,347,-18,17,-31,-3,1,-46
2146,1,1,-1,-1,-1,-1,-1,-1,2
2147,188,-59,-91,-135,-120,-92,-14,-45,-93
2148,34,-7,-4,62,-2,-18,7,8,-9
2149,3,1,5,7,-3,-2,-2,-2,-2
2150,3,4,-1,2,-2,-2,0,-2,-2
2151,0,0,0,1,1,0,0,0,0
2152,1,0,-1,0,0,-1,-1,-1,0
2153,0,0,0,0,0,0,0,0,0
2154,0,0,0,0,0,0,0,0,0
2155,139,17,-21,-34,-4,-68,24,22,2
2156,52,1,13,-7,32,-13,2,-25,-5
2157,931,-208,-394,-369,-274,-126,-141,74,-185
2158,7,-5,-7,-6,-6,-4,-5,-5,-4
2159,22,-10,-6,15,15,3,26,3,-2
2160,1,-1,-1,0,-1,-1,-1,0,0
2161,90,-23,-64,-17,-30,-20,-7,-31,-20
2162,3,27,8,-4,-2,4,2,-2,5
2163,99,-55,17,-57,-38,22,-30,5,-46
2164,57,-37,43,-34,-24,6,-25,14,-27
2165,127,-17,-10,29,-21,-31,-8,21,13
2166,0,0,0,0,0,0,0,0,0
2167,93,-46,-18,-56,91,105,12,-70,-52
2168,4,4,-3,0,-3,1,-3,0,0
2169,0,0,0,0,0,0,0,0,0
2170,8,-6,-8,-5,-4,-5,-5,-3,-6
2171,0,0,0,0,0,0,0,0,0
2172,0,0,0,1,1,0,0,2,-1
2173,2,-2,-1,-2,-2,-2,-2,-1,-2
2174,104,122,25,-55,-38,-65,716,386,308
2175,28,-11,5,2,-2,-3,0,-2,-2
2176,3,4,-1,1,0,6,-4,0,-4
2177,0,3,0,0,0,0,0,0,0
2178,0,0,0,0,0,0,0,0,0
2179,6,-2,0,5,8,2,-2,4,1
2180,180,-70,-23,423,394,128,59,48,-125
2181,1621,-782,406,349,0,-266,226,-332,-137
2182,4,-1,-4,2,8,2,-4,1,-2
2183,1,1,0,-1,1,2,0,0,-1
2184,0,0,0,0,0,0,1,0,1
2185,8,-8,-7,-6,-6,13,-2,0,-5
2186,4,5,-2,6,16,2,10,13,36
2187,11,-9,-9,-8,-2,-9,-8,-7,-8
2188,233,-35,8,240,73,-69,-10,27,-60
2189,216,-1,-67,-106,706,-107,-239,-226,-199
2190,8,-2,-3,-7,-2,-5,-1,-6,-5
2191,15,3,-9,-9,-2,-7,1,13,43
2192,7,0,9,67,-5,-3,3,-8,-8
2193,51,-10,-27,-24,-18,-18,3,-2,18
2194,7851,-1152,-697,-969,-702,257,1325,2199,-392
2195,0,0,0,1,0,0,0,0,0
2196,23,-15,-3,-8,-21,-15,1,18,-4
2197,128,5,8,-67,-51,-42,4,74,-10
2198,110,-40,-10,-4,-25,3,11,29,-23
2199,165,-19,48,34,-31,110,48,-100,-68
2200,751,-120,-63,-160,-131,15,243,-125,-89
2201,52,-6,-26,-13,-8,33,20,49,14
2202,11,10,29,108,14,-13,16,-1,-9
2203,93,-53,29,-18,-43,-32,-54,-52,-6
2204,20,-4,-8,11,1,-16,18,-6,-7
2205,0,0,0,10,-1,1,-1,-1,-1
2206,1,-1,-1,-1,-1,3,0,2,-1
2207,69,-13,-23,75,161,40,-16,-24,-34
2208,31,27,-9,-23,-24,-21,-18,0,-22
2209,14,2,4,-6,2,-2,4,7,6
2210,6,-6,-2,-3,10,-6,2,-5,-5
2211,39,-33,-31,-24,-28,-14,-4,-16,-15
2212,33,-25,-29,-24,-20,-22,-2,-15,-21
2213,10,-9,-8,-5,-3,-6,-4,1,0
2214,74,-37,-39,-3,35,-12,-25,-7,20
2215,1,1,-1,1,4,-2,0,-1,-1
2216,0,0,0,0,0,0,0,0,0
2217,0,0,0,0,0,0,0,0,0
2218,26,-21,-18,-15,-11,-12,20,8,-10
2219,0,0,0,0,0,0,0,0,0
2220,0,0,1,0,3,24,0,-2,-2
2221,0,0,0,1,1,1,0,0,0
2222,17,1,-3,-5,-12,-5,7,1,-2
2223,0,0,0,0,0,1,0,5,1
2224,1821,-338,-403,1632,1049,-94,276,-54,-456
2225,10,-8,-6,-6,-8,-5,-6,-6,-5
2226,19,1,-9,-11,-14,3,-5,-12,-8
2227,0,0,0,0,0,0,0,0,0
2228,0,0,0,0,0,0,0,0,0
2229,8,-4,14,-2,0,-5,-3,-4,-2
2230,24,16,-18,-9,-6,1,90,101,2
2231,2810,-112,633,798,-19,-753,-408,234,-269
2232,20,15,-2,1,-12,-10,0,-13,0
2233,10,5,18,-8,-7,-3,-5,29,6
2234,0,0,4,-1,-1,1,-1,-1,0
2235,10,-6,-7,0,5,3,7,8,-4
2236,0,0,0,0,0,0,0,0,0
2237,3,-1,-1,5,10,0,-3,6,-4
2238,22,-3,-4,-3,3,-11,3,-1,0
2239,0,0,0,0,0,0,2,0,0
2240,0,0,0,0,0,0,1,0,0
2241,0,0,0,0,0,0,1,1,0
2242,49,-28,-34,0,0,-25,31,18,-17
2243,0,0,0,0,0,0,0,0,3
2244,48,-19,-3,-2,-16,-29,-12,-8,-23
2245,61,31,-38,102,121,-3,4,6,-13
2246,222,-34,124,446,142,68,-153,-25,-89
2247,60,-42,-36,-42,-40,116,74,108,-10
2248,0,0,0,0,0,0,0,0,0
2249,25,-17,-8,15,0,22,7,28,1
2250,5,-3,-4,-3,-4,0,1,-3,4
2251,0,0,0,0,0,0,0,0,0
2252,40,-16,-9,71,50,-4,-25,-19,-11
2253,0,0,0,0,0,0,0,0,0
2254,13,-3,-4,-1,16,2,1,-10,-2
2255,197,59,-26,107,215,25,-9,7,-64
2256,0,0,0,0,0,0,0,0,0
2257,2,-2,-1,-2,-2,-2,-2,-2,-2
2258,66,7,-13,-9,20,16,80,19,4
2259,543,25,17,561,50,143,517,236,247
2260,112,-37,-27,-33,-11,-5,9,2,-6
2261,7,1,5,7,21,-3,4,-3,-3
2262,0,0,0,1,0,0,0,0,0
2263,0,0,0,0,0,0,0,0,0
2264,0,0,0,0,0,0,0,0,0
2265,56,-28,-37,-21,-18,-11,3,-23,-32
2266,24,-17,-16,-15,0,26,-11,26,-9
2267,5,-5,-3,-3,-3,12,10,17,2
2268,4,-4,-3,-3,-3,0,6,-3,-3
2269,0,0,0,0,0,0,0,0,0
2270,0,0,0,0,0,0,0,0,0
2271,127,59,77,603,43,41,105,-32,-31
2272,26,-14,-19,5,-4,-17,-13,-15,-14
2273,0,0,1,0,0,0,0,0,0
2274,0,0,0,0,0,0,0,0,0
2275,6,3,0,-3,-3,-1,-1,1,1
2276,4,-1,-3,0,2,5,7,11,1
2277,1,-1,-1,5,-1,-1,2,-1,9
2278,1,-1,0,-1,0,4,2,2,0
2279,1,1,-1,11,-2,17,-3,1,8
2280,3,2,-3,3,-2,-1,4,0,8
2281,183,-28,-38,-57,-24,-26,174,200,159
2282,13,-9,-3,-1,2,2,3,9,-6
2283,72,-44,-4,-22,18,-18,-12,78,11
2284,2,2,-2,-2,-2,-2,1,-2,-1
2285,0,0,0,0,0,0,0,0,0
2286,0,0,0,3,1,0,0,0,0
2287,15,-4,-4,-4,-7,-12,-11,-8,27
2288,0,0,0,0,0,0,1,0,0
2289,3,-2,-3,17,29,1,-3,-4,-3
2290,9,7,-6,-5,15,-7,-5,16,-2
2291,30,-16,-14,-1,7,15,-9,1,20
2292,8,-3,-1,0,-5,-4,4,-6,-7
2293,2,-2,1,1,0,-1,-1,-2,2
2294,69,-46,-51,-33,-6,16,3,-18,-11
2295,3,-2,-2,1,0,-1,3,14,2
2296,0,0,0,1,0,2,0,0,0
2297,25,4,-12,-3,-16,-11,-11,-16,-6
2298,1474,187,-483,-345,-84,272,508,792,-3
2299,4,-4,-4,-4,-1,2,0,-2,-3
2300,0,0,0,0,0,2,0,0,0
2301,0,0,0,2,2,0,0,0,0
2302,286,16,-120,-106,-143,-78,78,72,160
2303,15,-3,0,2,16,-3,9,-1,6
2304,36,8,-11,61,173,92,14,-9,-4
2305,71,-33,-27,-35,-40,-11,-15,4,-26
2306,1,-1,1,0,-1,-1,2,-1,-1
2307,1,0,0,0,1,0,-1,-1,0
2308,3,11,-2,1,9,3,-4,-4,-1
2309,0,0,0,0,0,0,0,0,0
2310,1146,-417,-429,-351,-320,-226,-259,-259,-241
2311,14,2,0,4,4,-1,0,1,-1
2312,77,-52,-54,2,-47,-42,-41,-33,-40
2313,6,-5,2,4,4,-5,-5,4,-4
2314,148,-10,-14,156,212,17,-8,43,1
2315,93,-13,-36,-4,-3,-7,-4,1,-6
2316,2,-2,0,110,96,39,19,26,-1
2317,0,0,0,0,0,0,0,0,0
2318,0,0,0,0,1,1,1,0,0
2319,0,0,0,0,0,0,0,0,0
2320,47,-16,-16,-19,-14,-12,-3,13,-18
2321,6,-5,1,-5,-4,-3,-1,0,3
2322,11,-6,9,4,-11,-2,0,14,-5
2323,50,78,71,-23,-9,-41,-31,-6,-35
2324,0,0,0,0,0,0,0,0,0
2325,0,0,0,0,0,0,0,0,0
2326,957,-154,-336,-485,-476,-477,-404,-174,-321
2327,1,6,6,4,-1,-2,-2,1,-2
2328,1,-1,-1,-1,-1,-1,-1,-1,-1
2329,83,24,-17,-16,47,-1,11,0,2
2330,126,-69,163,215,127,32,-32,-74,-83
2331,14,6,-12,-6,-7,2,-11,-2,-3
2332,60,-30,-22,-33,-23,-18,85,30,-28
2333,0,0,0,0,0,0,0,0,0
2334,1,1,0,-1,0,-1,0,1,1
2335,11,-2,-8,22,-1,-4,-4,6,-3
2336,57,-39,-23,-19,-31,-26,-16,-17,-7
2337,2,4,0,-1,-2,1,13,-2,-3
2338,11,-10,-2,-6,-9,12,-9,5,-2
2339,0,3,2,0,0,-1,0,0,-1
2340,3,0,-2,-3,-2,-3,-1,0,4
2341,0,0,1,0,0,0,1,0,0
2342,5,-5,-5,17,-3,1,-4,-5,-4
2343,39,-24,-25,6,-12,-22,-27,-22,-25
2344,102,-87,-89,57,-22,-69,-63,-57,-36
2345,4,2,1,8,-2,-2,-2,-4,2
2346,3,-2,0,-3,2,1,2,3,-1
2347,0,1,0,0,0,0,0,0,0
2348,0,0,0,0,0,0,0,0,0
2349,33,8,16,56,55,27,53,29,-11
2350,27,-16,-7,-5,-11,3,17,16,20
2351,15,4,-10,-12,-11,-13,-4,-12,-11
2352,2,-1,-2,-1,72,37,39,-3,-6
2353,0,1,0,0,6,-1,0,-1,-1
2354,0,0,0,0,0,0,0,0,0
2355,8,-1,-5,15,0,2,-6,2,2
2356,0,0,0,0,0,0,0,0,0
2357,0,0,0,0,0,0,0,0,0
2358,0,0,0,0,0,0,0,0,0
2359,0,0,0,1,0,0,0,0,0
2360,1,-1,0,-1,0,-1,0,-1,-1
2361,180,-2,-124,-79,-107,-85,-62,-94,-61
2362,1,0,-1,5,-1,-1,-1,-1,-1
2363,9,-9,-5,43,8,-4,-8,-10,-6
2364,4,-4,-4,-2,3,-3,-4,-4,-3
2365,40,-8,-17,8,2,2,41,21,-7
2366,1,-1,-1,0,-1,-1,-1,-1,-1
2367,10,-7,-9,8,-2,-9,-9,-7,-7
2368,33,-14,-5,6,8,2,-10,25,19
2369,192,-14,-52,-29,48,11,-24,-12,-72
2370,59,-14,-21,-7,-27,-16,2,-24,-8
2371,118,19,-22,-8,-15,-27,-14,5,1
2372,0,0,0,0,0,0,0,0,5
2373,1033,-599,-639,-550,-497,-458,-458,-400,-424
2374,0,0,0,0,0,0,0,0,0
2375,1,2,3,-2,-1,-1,-1,-1,-1
2376,38,-9,-13,-15,-19,-12,3,38,-16
2377,6,-4,-1,-2,7,-5,-3,2,-3
2378,20,-12,-9,-7,-11,-12,1,9,-11
2379,0,0,1,1,0,0,0,1,0
2380,12,7,1,7,-7,3,-4,3,2
2381,1,1,-1,2,0,1,-1,1,0
2382,97,-21,-42,-29,-42,5,9,62,-44
2383,0,0,0,0,0,0,0,2,1
2384,4,3,-4,-4,1,-3,-3,0,-3
2385,0,1,-1,4,-1,-1,-1,0,-1
2386,0,0,0,0,0,0,0,0,0
2387,4,-2,5,-4,4,0,-3,-1,-2
2388,24,-14,22,63,37,-8,6,-4,-1
2389,0,1,0,0,0,0,1,0,0
2390,0,0,0,1,0,0,0,1,0
2391,177,135,154,-33,-74,-56,-1,26,-67
2392,0,0,0,0,0,0,0,0,0
2393,0,0,1,0,0,0,0,0,0
2394,1,-1,-1,1,-1,0,1,2,-1
2395,24,117,100,72,3,6,3,5,5
2396,6,-4,35,187,-9,-18,-13,-15,-15
2397,0,0,0,0,0,0,0,0,0
2398,8,-4,-5,-2,-3,-6,-2,-2,0
2399,34,-28,-29,-23,41,-9,0,-4,-7
2400,0,0,0,0,0,0,0,0,0
2401,0,0,0,0,0,0,0,0,0
2402,93,0,-17,-13,-3,0,26,4,11
2403,2,1,6,7,3,2,-3,-2,-3
2404,1,-1,-1,0,-1,1,-1,-1,-1
2405,38,-25,-12,-15,-14,-30,-18,-25,-18
2406,710,-155,-585,-394,-556,-435,-409,-432,-427
2407,8,-1,19,-1,-6,-2,-4,-7,-8
2408,1484,-339,-221,-534,-618,-556,-408,454,-332
2409,2,-2,0,-2,1,-2,3,-2,-2
2410,31,-18,-22,703,-63,-65,-3,-63,-60
2411,26,-2,-12,-18,-20,-20,3,1,-1
2412,14,-3,-4,-5,3,4,34,23,-13
2413,1,-1,-1,29,63,8,-6,-7,-4
2414,7,-2,-5,-5,-2,-4,-3,-5,-6
2415,608,-32,-132,90,-52,-124,-21,-8,11
2416,2,-1,-2,-2,-2,0,0,-1,1
2417,4,-1,-2,-4,0,-1,0,-2,-1
2418,0,0,0,0,0,0,0,0,0
2419,0,0,0,0,0,0,0,0,0
2420,10165,-6570,-6277,-4860,-4241,-4620,-3879,-3137,-4018
2421,7,-6,-6,-6,-5,-5,-4,-4,-4
2422,222,27,7,152,247,117,74,45,20
2423,122,55,16,69,3,-26,-21,191,195
2424,1607,723,58,1889,1717,1689,294,-289,-421
2425,0,0,0,0,0,1,0,0,0
2426,6,2,9,2,5,-2,8,13,-4
2427,6,-5,-4,-1,-4,-4,-4,-4,-1
2428,53,-22,-27,-35,-30,-11,-2,-19,-27
2429,1854,-133,479,1001,981,-373,-194,-183,-16
2430,31,-12,0,5,2,-21,-21,-14,-9
2431,4,-4,-2,-4,-2,-4,0,4,-2
2432,1,1,-1,-1,0,-1,-1,-1,-1
2433,10,6,-3,43,9,-3,-9,3,3
2434,16,1,-1,44,9,2,-7,-1,6
2435,2,-2,2,691,-35,-40,-41,-37,-35
2436,1,-1,1,-1,1,-1,-1,-1,0
2437,8,-7,-8,-3,3,-6,-7,4,-5
2438,0,0,0,1,3,0,0,0,0
2439,151,65,-22,159,133,10,-10,-14,-4
2440,4,-3,1,-2,2,-4,-1,-1,-2
2441,0,0,0,0,0,0,0,0,0
2442,3,-3,-1,2,-3,1,0,-1,-1
2443,9,0,4,-6,-6,-7,-7,-3,-1
2444,44,-42,4,100,59,-15,-1,-33,-33
2445,0,0,0,0,0,0,0,0,0
2446,3,-3,-1,-1,-2,-2,0,1,-1
2447,40,-7,-22,11,-19,-20,-16,-3,-24
2448,82,-31,-19,-8,-12,-50,42,11,8
2449,5,-5,2,-1,8,-1,-2,3,-3
2450,39,-13,-10,5,17,2,-3,13,4
2451,9,-8,-3,-2,-7,-5,-3,-3,-6
2452,14,12,-12,-5,-6,-11,-8,-9,-11
2453,0,0,0,0,0,0,0,0,0
2454,36,24,43,65,-26,-1,42,-3,4
2455,12,-3,-6,8,7,10,-8,21,10
2456,100,-3,41,62,55,67,-14,-5,-23
2457,1,-1,-1,-1,-1,0,0,0,0
2458,0,0,0,0,0,0,0,0,0
2459,0,0,0,0,0,0,0,0,0
2460,0,0,0,0,0,0,0,0,0
2461,4,3,6,5,-3,-4,1,-5,-4
2462,0,0,0,0,0,0,0,0,0
2463,14,-5,-2,23,11,40,11,0,-3
2464,0,0,0,0,0,0,0,0,0
2465,16,-15,-4,8,1,-10,-9,-13,-1
2466,1,-1,-1,0,0,0,0,0,0
2467,0,0,0,0,0,0,0,0,0
2468,0,0,0,0,0,0,0,0,0
2469,252,-9,-55,-62,-29,-3,48,40,-28
2470,18,-11,-13,-15,-13,-4,48,3,39
2471,0,0,0,0,0,0,1,0,1
2472,35,-2,-21,-33,-11,5,101,5,35
2473,1,-1,1,-1,0,-1,0,3,-1
2474,2,-2,-2,10,-1,0,3,0,-2
2475,0,0,0,0,0,0,0,0,0
2476,0,1,0,0,0,1,0,0,0
2477,0,0,0,0,0,0,0,0,0
2478,0,0,0,0,0,0,0,0,1
2479,0,0,0,0,0,0,0,0,0
2480,11,-1,4,36,17,-1,6,1,-7
2481,56,-13,33,10,18,0,34,-1,-14
2482,56,-13,33,10,18,0,34,-1,-14
2483,120,-61,-28,116,116,-6,-27,-29,-49
2484,3,-3,-3,0,-2,-3,-2,-2,-1
2485,0,0,0,0,0,0,0,1,0
2486,1,3,-2,-1,-1,0,2,-1,-1
2487,1877,-868,-815,-291,-447,-668,-421,-268,-226
2488,29,17,-1,-11,1,-1,-2,-1,-8
2489,27,-11,5,35,9,2,-3,9,-25
2490,7,1,-4,-6,4,2,-4,6,-5
2491,0,0,0,0,0,0,0,0,1
2492,0,0,0,0,0,0,0,0,0
2493,2482,-427,-836,-1219,-688,-659,-439,837,-67
2494,15,14,-16,16,-2,-3,-3,-11,-6
2495,6,-5,-6,19,-2,-1,1,-6,2
2496,0,0,0,0,0,0,0,0,0
2497,613,-20,598,1221,260,-62,-77,-134,-202
2498,2,-2,-2,-1,0,-2,-2,-2,-2
2499,7,-6,-6,43,20,8,2,4,-1
2500,18,-8,34,-3,60,-15,-9,-14,-2
2501,1,0,0,-1,-1,-1,0,0,0
2502,1,0,1,1,2,-1,7,-2,-2
2503,544,-135,135,258,341,30,93,33,-220
2504,544,-135,135,258,341,30,93,33,-220
2505,53,-13,-40,24,12,-6,-18,4,-12
2506,1,-1,-1,-1,-1,-1,-1,-1,-1
2507,0,0,0,0,0,0,0,0,0
2508,18,-9,-7,-4,-13,10,2,6,-7
2509,42,-11,-29,-16,16,101,5,40,18
2510,3,-2,-2,-1,-1,-2,-1,-2,-2
2511,38,-11,-26,-30,-12,-16,-18,-2,-17
2512,20,5,-18,-13,-14,-4,9,169,29
2513,0,0,1,0,0,0,0,0,0
2514,2,-2,5,-2,-1,-2,1,-2,-1
2515,4,0,2,-2,2,-2,6,0,9
2516,10,-8,-9,-6,-4,-6,-3,-6,-6
2517,2,2,0,1,-2,0,-1,1,0
2518,0,0,0,0,0,0,0,0,0
2519,0,0,0,0,0,0,0,0,0
2520,0,0,0,0,1,0,1,0,0
2521,675,-290,-439,-161,-169,-376,-272,-228,-406
2522,12,13,-7,6,3,-9,-6,7,-4
2523,7,0,-6,-7,-5,51,-4,-1,-6
2524,43,37,-28,-1,-17,-25,-36,-28,92
2525,0,0,0,0,0,0,0,0,0
2526,476,-11,-83,88,-149,6,52,-2,20
2527,13,-5,-11,30,37,-7,13,-13,-3
2528,7,2,22,5,6,-6,-7,-2,-7
2529,12,0,-6,12,-7,-9,-8,-11,-11
2530,0,0,0,0,0,0,0,0,0
2531,0,0,0,0,0,0,0,0,0
2532,1,-1,9,-2,-2,0,0,0,0
2533,23,-3,-3,21,12,-6,5,33,6
2534,335,-30,51,-30,-205,-172,-197,-120,-154
2535,0,0,0,0,1,0,0,0,0
2536,375,-7,-56,-86,-116,24,-42,80,-39
2537,206,-78,17,497,440,130,73,43,-152
2538,4,-4,8,1,7,-3,1,-2,-4
2539,0,0,0,0,0,0,0,0,0
2540,2,-2,-1,-1,-1,0,0,1,1
2541,333,-182,-174,-123,-176,-193,-104,-153,-160
2542,122,12,-59,-30,-34,-11,-1,-8,-33
2543,15,-8,-9,-12,-5,-3,-8,-3,-8
2544,14,9,-8,-7,-6,-4,-4,13,-3
2545,0,0,0,0,0,0,0,0,0
2546,27,-2,-9,-1,74,-8,-16,-16,1
2547,2,7,-2,1,0,-1,0,1,-2
2548,0,0,0,0,0,0,0,0,0
2549,0,0,0,0,0,0,0,0,0
2550,7,-5,-5,-3,-6,1,1,-4,-2
2551,0,0,1,0,0,0,8,-1,-1
2552,7,5,-4,2,3,5,-4,-4,-4
2553,2751,-78,-633,-276,-976,-340,-746,-905,-662
2554,80,-26,9,14,-42,-21,-53,-40,-41
2555,41,-19,-21,-32,-31,-33,-31,-27,-28
2556,58,-23,-17,-35,-17,-10,-20,-2,-20
2557,9,-5,-8,-6,46,-5,-6,-3,-9
2558,6,-3,6,5,0,0,-1,-6,0
2559,48,-31,-15,-7,91,58,47,9,39
2560,0,0,0,0,0,1,0,1,0
2561,6,0,7,-7,-4,-6,-3,-5,-5
2562,0,0,0,0,0,0,0,0,0
2563,32,3,-16,-2,-18,0,26,14,-13
2564,26,-4,0,-2,1,12,16,-7,3
2565,65,5,-8,-19,21,-34,-37,-50,-38
2566,150,-107,-87,-89,-46,-85,-53,-50,-77
2567,1,-1,1,0,-1,-1,-1,-1,-1
2568,7,14,16,5,13,7,3,0,3
2569,220,7,-36,137,15,-19,-24,171,-50
2570,0,0,0,0,0,0,0,0,0
2571,10,-2,-5,46,-7,-2,-6,-8,-3
2572,10,-8,0,3,0,-2,1,14,14
2573,33,-11,-8,-9,-8,-26,6,-2,-16
2574,0,0,0,0,0,0,0,0,0
2575,1026,31,-355,-76,-119,-109,105,34,-117
2576,21,-7,-12,-9,18,-7,5,-12,-2
2577,12,4,-3,-10,-4,-8,-6,13,-3
2578,399,-60,-116,-1,-51,39,90,65,-77
2579,2,-2,-2,-2,-2,1,-2,-2,-1
2580,12,-7,-8,-7,11,12,3,18,9
2581,12,-7,-8,-7,11,12,3,18,9
2582,0,0,0,1,1,0,1,0,0
2583,412,185,-119,-213,-155,-53,-81,-104,-193
2584,2,-1,-2,-2,-1,-1,-1,-1,-1
2585,898,-42,-254,645,-51,-173,19,-19,-47
2586,312,163,-82,-146,-70,-75,-53,-57,-122
2587,6,-4,-4,98,41,-6,6,7,29
2588,24,-9,7,14,36,13,29,11,0
2589,3,-1,-1,4,90,18,0,2,-7
2590,0,0,0,0,0,0,0,0,0
2591,17,-5,-6,3,21,16,21,9,15
2592,0,0,0,0,0,0,0,0,0
2593,9,-8,8,-6,-5,1,-1,-4,-5
2594,2,-1,0,-2,0,-1,-2,0,1
2595,6,-6,-1,-5,6,-1,12,-3,-6
2596,9,-7,-3,-6,-3,4,-5,3,0
2597,6,7,-3,-3,-3,-4,1,2,3
2598,11,-10,-4,3,-2,-4,-2,0,-6
2599,0,0,0,0,0,0,0,0,0
2600,0,0,0,23,2,-2,-2,-2,-1
2601,6,-6,0,-4,2,-5,-3,-4,-2
2602,27,-26,-24,-20,-19,-17,-16,-13,-10
2603,518,-513,-467,-425,-412,-375,-350,-346,-318
2604,22,22,0,-5,-13,-11,-8,-10,6
2605,3,-1,-3,-2,-2,-2,3,-1,0
2606,2,-2,-1,7,-2,1,-2,-2,0
2607,27,3,-10,19,-18,1,-6,32,-2
2608,183,27,-35,-2,-9,113,24,-12,-22
2609,32,9,-7,12,10,-4,-2,4,-7
2610,20,-3,0,32,106,56,27,-13,14
2611,0,0,1,0,0,0,0,0,0
2612,0,0,0,0,0,0,0,0,0
2613,0,0,0,15,-1,-1,-1,-1,-1
2614,0,0,0,0,0,0,1,0,0
2615,0,0,0,0,0,0,0,0,0
2616,1004,-150,990,4300,1628,221,145,743,354
2617,337,4,65,5,16,54,429,1791,2506
2618,175,73,96,313,123,3,20,-38,-40
2619,71,6,-26,-15,-32,3,19,11,-6
2620,3,-2,4,0,0,-2,-1,-3,-3
2621,5947,-1933,-2120,-1318,-894,-597,390,-128,-1987
2622,0,0,0,0,0,0,0,0,0
2623,2,-1,-2,-2,-1,1,1,-1,-1
2624,386,11,10,-52,-69,-72,12,130,-88
2625,4,-1,-4,17,37,22,2,-3,-6
2626,50,-37,-27,30,163,74,-19,-21,-28
2627,0,0,0,16,-1,4,5,-2,-2
2628,0,0,0,0,0,0,0,1,1
2629,8,-8,-8,45,-7,-3,-9,-9,-9
2630,21,-10,-12,-8,-7,-6,-7,5,-5
2631,12,-9,3,-5,6,-5,5,9,16
2632,41,-12,-10,-7,-13,-10,12,1,4
2633,22,-8,-5,-9,-4,-9,13,22,-9
2634,4,-4,-4,-2,-3,2,-3,-2,-2
2635,0,0,0,0,0,0,0,0,0
2636,220,-60,-26,135,8,5,65,-11,-41
2637,12,-6,-7,-7,11,1,-4,-10,-5
2638,0,0,0,0,0,0,0,0,0
2639,1,0,-1,-1,0,-1,-1,2,0
2640,0,1,0,0,0,0,0,0,0
2641,710,-170,-252,-47,-202,-229,-192,-77,0
2642,0,0,0,1,0,0,0,0,0
2643,6,-2,-2,-2,1,-5,-5,2,-2
2644,2,0,-2,0,1,0,1,-1,0
2645,7,3,2,-1,-6,0,-1,3,0
2646,3,-3,0,4,-2,1,-3,-1,-2
2647,4,-1,-3,2,0,-3,-4,-3,-3
2648,20,-14,-12,91,48,-6,-17,-15,-11
2649,423,-134,-107,-149,55,-82,114,-53,-187
2650,11,-7,-4,-3,0,-2,7,-9,-4
2651,0,0,1,0,0,0,0,2,0
2652,12,-10,-3,-8,-6,6,-3,6,21
2653,6,-6,9,43,83,11,-3,4,-9
2654,153,-59,-59,89,-7,-24,-34,2,37
2655,5,-4,-1,-1,1,-4,-2,1,7
2656,17,-13,-5,2,-6,-2,3,4,20
2657,0,0,0,0,0,0,0,0,0
2658,33,-5,-11,19,16,-1,-3,-6,-4
2659,63,-2,-13,-23,4,1,-13,2,0
2660,5339,-5323,-4916,-4564,-4266,-3990,-3747,-3552,-3368
2661,64,19,65,-35,83,9,105,54,-7
2662,0,0,0,0,0,0,0,0,0
2663,0,0,0,0,7,-1,0,-1,-1
2664,0,0,0,0,0,0,0,0,0
2665,1,0,-1,-1,0,0,0,-1,1
2666,0,2,0,-1,-1,-1,-1,0,0
2667,8,-3,-3,-5,-3,-6,8,-2,-1
2668,872,-213,-220,39,-146,-107,123,-107,-207
2669,179,-76,-28,-49,-140,-153,-138,-117,-124
2670,1072,-95,997,2451,-643,-770,-546,-857,-771
2671,0,0,0,0,0,0,0,0,0
2672,4,-4,-3,-2,-2,16,-4,-3,-4
2673,29,19,29,-10,0,-6,69,61,23
2674,19,-8,-17,207,63,-19,-23,-8,-25
2675,1,0,-1,-1,0,-1,-1,2,-1
2676,40,6,-18,-13,-21,26,-12,-12,-1
2677,2,1,0,-2,-2,-1,-2,2,-1
2678,0,0,0,0,0,0,0,0,0
2679,354,-192,-183,-99,-116,10,69,113,-115
2680,32,-26,-20,-21,-25,-21,-20,-19,-18
2681,1,0,-1,-1,-1,0,1,-1,-1
2682,51,16,42,98,104,29,153,188,43
2683,23,-3,0,7,11,-12,-17,-5,-4
2684,48,43,-11,33,-4,-30,-39,-37,-41
2685,1,-1,0,1,1,0,-1,-1,-1
2686,0,0,0,0,0,0,0,0,0
2687,0,0,0,0,0,0,0,0,0
2688,12,-4,-5,0,-4,3,9,46,23
2689,0,0,0,0,0,0,0,0,0
2690,0,0,0,0,0,0,0,0,0
2691,60,0,5,10,0,48,4,-15,-30
2692,0,0,0,0,0,0,7,0,0
2693,62,-31,-19,-23,6,-31,0,-38,-17
2694,1,0,-1,-1,-1,-1,-1,-1,-1
2695,0,0,0,0,0,0,0,0,0
2696,0,0,0,0,0,0,0,0,8
2697,0,0,0,0,0,0,0,0,0
2698,0,0,0,541,290,47,-17,-28,-43
2699,0,0,0,0,0,0,0,0,0
2700,3,3,0,-3,0,2,3,14,-2
2701,1,-1,0,0,2,10,-2,0,-2
2702,0,0,0,0,0,0,0,0,0
2703,208,-51,-46,68,80,2,41,9,0
2704,0,0,0,0,0,0,0,0,0
2705,11,-2,-4,-10,1,-10,-8,-6,-8
2706,3,4,0,2,-3,0,4,-2,0
2707,6,1,-1,1,-5,6,5,-3,-2
2708,4122,-4122,-3805,-3533,-3298,-3092,-2910,-2748,-2602
2709,84,-52,-36,-73,-70,-65,-57,-55,31
2710,0,0,0,0,0,0,0,0,0
2711,2,-2,-2,0,-2,4,-1,-2,-1
2712,0,0,0,0,0,0,0,0,0
2713,92,19,38,-7,16,0,3,7,0
2714,0,0,0,0,0,0,0,0,0
2715,0,0,1,0,0,0,2,0,5
2716,73,6,-26,-20,-46,-45,-9,-3,-2
2717,3,-1,1,-2,0,-1,-2,-2,1
2718,0,0,0,5,1,1,-1,1,-1
2719,1,-1,0,1,0,10,2,-1,4
2720,0,0,0,0,0,0,0,3,0
2721,0,0,0,0,0,0,0,0,0
2722,0,0,0,0,0,0,0,0,0
2723,1019,-403,-227,-216,-62,-46,75,72,-183
2724,0,0,0,0,0,0,0,0,1
2725,0,0,0,2,0,0,1,0,1
2726,3803,-995,-765,845,-750,-1571,-1083,-1133,-1108
2727,28,3,-2,-16,-3,-3,-18,-8,-12
2728,113,29,-15,268,57,-25,65,13,1
2729,59,-34,-28,-11,-10,-17,1,11,-13
2730,0,0,0,2,49,18,10,-2,-2
2731,470,-27,80,860,60,-25,-67,-112,-57
2732,4,4,0,-4,-3,-3,-2,-3,-2
2733,0,0,0,0,0,0,0,0,0
2734,4,8,0,0,-3,-1,-3,-3,11
2735,0,0,0,0,0,0,0,0,0
2736,81,-49,-54,-45,-42,-1,18,-27,-32
2737,8,-7,-5,-6,-5,2,-3,0,0
2738,2,0,-2,1,-1,-1,3,-1,-1
2739,2,-2,-1,3,-1,-1,-1,-1,-1
2740,0,1,0,0,6,-1,1,-1,-1
2741,0,0,0,2,0,0,0,0,0
2742,0,0,0,0,0,0,0,0,0
2743,0,0,0,0,0,0,0,0,0
2744,117,-25,-7,-24,-46,-37,12,-36,-28
2745,46,-30,-19,-12,-2,4,-13,-4,11
2746,0,0,0,0,0,1,0,0,5
2747,20,-6,-11,6,6,-6,-6,-6,-9
2748,1,-1,-1,-1,-1,0,0,0,1
2749,0,0,0,1,0,0,0,0,0
2750,4,-2,-2,-3,-3,3,0,-1,0
2751,20,-11,-8,-15,-4,-14,-5,5,-1
2752,0,0,1,0,0,0,1,1,1
2753,0,0,0,0,0,0,0,0,0
2754,4,-2,-4,1,-3,-1,-2,-1,1
2755,0,0,0,0,0,0,0,0,0
2756,0,0,0,0,0,0,0,0,0
2757,760,-151,59,73,-60,-200,-82,-13,-143
2758,170,-19,11,-46,-59,-13,15,55,-37
2759,0,0,0,0,0,0,0,0,0
2760,6,-5,-3,3,4,-4,-3,-2,-3
2761,2,-2,-2,-2,5,-2,-2,-2,-2
2762,0,1,0,0,0,0,0,0,2
2763,368,-174,-218,-38,-72,-9,-90,-115,-134
2764,20,3,2,-1,42,1,-14,-11,-9
2765,180,-9,-16,-10,-8,46,-28,-13,-20
2766,41,-16,-22,-14,-11,-27,-7,11,-10
2767,482,-71,-86,271,457,130,222,271,-42
2768,4,-3,-3,-3,0,-1,-3,-3,-2
2769,140,-63,-74,31,-7,-64,-30,14,-39
2770,32,-8,-9,-6,-6,-21,-19,-11,-14
2771,0,0,0,0,0,0,0,0,0
2772,284,15,-90,51,27,-25,75,9,-114
2773,1,-1,0,21,13,0,4,-3,16
2774,0,0,0,0,0,0,0,0,0
2775,0,0,0,0,1,1,1,0,0
2776,45,-23,-7,-19,-18,-22,-2,15,-4
2777,0,0,0,0,0,0,0,0,0
2778,3,66,22,2,2,-8,-7,-3,-8
2779,5,-5,3,-3,-4,-3,1,-2,-1
2780,5,-5,1,-4,-4,0,-4,6,-3
2781,0,0,0,0,0,0,0,0,0
2782,4,7,0,-1,-4,23,-4,-3,-5
2783,105,-18,-38,-33,-42,-34,-10,-26,-24
2784,44,120,5,12,-14,-38,-25,-22,-29
2785,0,0,0,0,0,0,0,0,0
2786,0,0,0,0,0,0,0,0,0
2787,0,0,0,0,0,0,0,0,0
2788,6,71,34,4,6,-10,-2,13,3
2789,2,-1,-1,6,-2,0,2,6,0
2790,6,0,-2,-2,2,6,-2,-3,-3
2791,5,-5,-3,-1,-1,-3,-1,5,-1
2792,32,-15,-15,10,24,-19,-7,-15,-11
2793,0,1,0,0,0,0,0,0,0
2794,4,4,0,68,108,31,8,-15,-11
2795,1,-1,-1,13,2,-1,-2,3,-2
2796,19,-7,-3,-2,-11,9,-1,5,-8
2797,0,0,1,0,0,1,0,0,0
2798,7,48,54,10,16,-2,7,16,-7
2799,219,-82,-112,185,-102,-92,-47,-104,-91
2800,124,13,0,-35,22,-18,-21,-11,-47
2801,0,0,0,0,0,0,0,0,0
2802,60,6,-11,-22,-27,-3,45,43,0
2803,1,-1,-1,0,-1,-1,0,0,-1
2804,0,0,0,0,0,0,0,0,0
2805,7,-5,-6,-5,51,-2,-6,-2,-6
2806,6,1,0,-2,-2,-6,-3,1,-3
2807,0,0,0,0,0,0,0,0,0
2808,951,-207,-448,-365,-297,-192,-73,-10,-271
2809,29,-11,-22,0,7,1,13,32,-16
2810,0,0,0,0,1,2,1,1,1
2811,2,0,-1,0,-1,0,4,4,3
2812,33,-12,-4,-13,-12,-18,-2,-17,-16
2813,41,-16,-1,7,22,17,18,13,-11
2814,51,-22,-35,11,28,53,32,1,-20
2815,1,-1,-1,1,-1,-1,-1,-1,-1
2816,34,6,-3,-7,-4,0,2,-8,-20
2817,3,0,4,0,-3,-3,-2,-2,-2
2818,351,-50,-113,-123,-166,-106,-90,-30,-38
2819,134,-46,38,-10,58,45,-52,-57,-26
2820,0,0,0,1,0,0,1,0,0
2821,5,-4,-4,32,45,5,11,0,-6
2822,0,0,0,1,0,0,0,0,0
2823,40,-30,-6,-2,0,4,-30,10,-7
2824,0,0,0,0,0,0,0,0,2
2825,2,-1,-1,7,6,-2,-3,-2,-1
2826,43,0,-1,-10,11,-18,-3,-4,-8
2827,0,0,0,0,0,0,0,1,0
2828,1,-1,1,0,2,-1,3,3,0
2829,0,4,2,0,-1,-1,-1,0,2
2830,4,-1,5,-4,-4,-1,-1,-1,-1
2831,20,-6,-17,2,18,-15,-13,15,-13
2832,40,48,2,6,37,-19,11,-5,-12
2833,151,-66,66,35,-113,-112,-93,-103,-112
2834,1731,-95,413,366,185,-240,23,45,99
2835,0,0,0,0,0,0,0,0,0
2836,179,71,27,-17,-29,-47,-3,5,-79
2837,7,-5,4,4,-3,6,5,1,-1
2838,1,0,1,-1,0,0,4,3,0
2839,21,20,0,13,3,4,10,2,11
2840,12,3,0,38,16,10,-3,-5,-9
2841,4,-1,6,-3,-3,5,2,-2,-4
2842,3,20,-1,-3,12,-4,-4,-1,-2
2843,1512,-366,-601,-372,-451,-635,-380,-365,-670
2844,24,-6,7,13,-6,-4,-5,4,-22
2845,0,0,0,0,0,0,0,0,0
2846,37,13,42,376,188,-6,35,50,-29
2847,0,0,0,0,1,1,0,0,0
2848,1,2,37,6,-2,-3,2,-4,-4
2849,64,40,-56,-58,-55,-48,-28,-35,-48
2850,9,-6,-4,-5,0,-6,-3,-6,-2
2851,1,1,-1,40,-3,-1,-3,1,-4
2852,10,-6,-8,-7,0,4,-2,12,47
2853,1,1,-1,2,0,-1,8,-1,-1
2854,0,0,0,0,2,0,0,0,0
2855,56,-9,-30,-25,-29,6,16,7,-26
2856,7,-2,-3,-2,-2,-1,-4,-1,-4
2857,13,-12,6,-4,3,-5,-2,-4,-4
2858,8,-7,58,-5,-9,-6,8,12,-9
2859,8,20,-8,-9,-9,-7,-7,-6,-7
2860,1,-1,-1,-1,-1,-1,0,2,1
2861,12,3,5,-9,-9,-4,-4,-5,-4
2862,0,0,0,0,1,0,0,0,0
2863,0,0,0,0,0,0,0,0,0
2864,1,1,-1,0,-1,0,-1,-1,0
2865,1,-1,1,-1,1,-1,-1,1,0
2866,187,22,-81,-115,-82,-100,-54,-79,-60
2867,0,0,0,0,0,0,0,0,0
2868,101,1,73,146,58,22,-39,-5,-3
2869,1,-1,-1,0,-1,-1,-1,0,0
2870,0,0,0,0,0,0,0,0,0
2871,284,-15,-96,-72,32,7,-4,-80,-82
2872,0,1,0,0,0,1,-1,0,-1
2873,5,-5,-4,-3,1,0,1,-3,13
2874,0,0,0,0,0,0,0,0,0
2875,26,12,23,25,2,18,0,5,29
2876,1,-1,-1,-1,-1,-1,-1,-1,1
2877,1,0,0,-1,8,-2,-2,0,1
2878,7,-2,-3,-2,-1,1,0,-4,0
2879,96,-76,1,-63,-64,-74,-39,-51,-54
2880,6,0,4,-4,-5,-4,7,-1,-2
2881,0,0,0,0,0,0,0,0,0
2882,0,0,0,2,0,0,1,0,0
2883,0,0,0,0,0,0,0,0,0
2884,5,2,-3,-2,-5,-4,-4,-2,-4
2885,0,0,1,0,2,0,8,-1,-1
2886,2,-2,-1,-1,-1,-1,-1,-2,0
2887,0,0,0,0,0,0,0,0,0
2888,29,21,7,13,28,6,11,-9,-4
2889,23,5,2,-7,18,13,11,16,0
2890,21,-11,-18,-12,-17,-13,-5,-11,-9
2891,0,0,0,0,0,0,0,0,0
2892,1,-1,-1,-1,-1,1,-1,0,0
2893,21,6,23,1,13,-9,73,-9,-20
2894,41,21,-1,53,21,17,-2,13,15
2895,3,-3,-1,1,-1,-1,-1,0,1
2896,0,0,0,0,0,0,0,0,0
2897,0,0,1,0,0,0,0,1,0
2898,0,1,0,0,1,1,0,1,0
2899,23,67,35,5,92,3,24,95,82
2900,1,1,-1,-1,-1,-1,-1,0,-1
2901,1,3,6,-1,-2,-2,-1,-1,-1
2902,0,0,0,0,0,0,0,0,1
2903,444,64,-43,-95,-46,-3,5,18,5
2904,0,0,0,0,0,0,0,0,0
2905,0,0,0,0,0,0,0,0,0
2906,1,8,7,4,3,-3,-3,-2,3
2907,15,-10,-9,-7,-10,-5,-8,-4,-11
2908,155,0,-28,-30,-59,-30,25,1,-51
2909,2,-2,-2,-2,-1,-2,-2,0,-1
2910,3,-1,-3,-3,-2,-3,-2,-1,2
2911,0,0,0,0,0,0,0,0,0
2912,0,0,0,0,0,0,0,0,0
2913,0,0,0,0,0,0,0,0,0
2914,1,-1,0,-1,5,-1,1,-1,0
2915,0,0,0,0,0,0,0,0,0
2916,8,-4,-5,-2,0,2,15,49,1
2917,5,-4,-5,-5,-2,0,2,14,5
2918,0,0,0,0,0,0,0,0,0
2919,2,0,-2,-2,-1,-2,1,-1,-2
2920,0,0,0,0,0,1,0,1,0
2921,0,1,0,0,0,0,0,0,1
2922,19,229,398,302,306,223,25,50,-35
2923,0,0,0,0,0,0,0,0,0
2924,2,-2,-2,-2,-1,-1,-1,-1,5
2925,6,-2,-6,-2,-2,-5,-3,0,-2
2926,0,0,0,0,0,0,0,0,0
2927,0,1,0,0,1,0,0,1,0
2928,0,0,1,5,0,-1,0,-1,-1
2929,4,2,-4,-4,1,0,-1,-2,-1
2930,2,-2,-2,-1,-2,-1,-1,1,-1
2931,0,1,0,0,0,0,0,0,0
2932,85,-24,-27,-21,-48,-2,-15,-11,-13
2933,21,29,76,19,-6,-3,-8,-14,-8
2934,1,0,-1,-1,-1,-1,0,1,0
2935,705,374,2589,2485,-157,122,-106,234,-157
2936,81,-29,27,-23,-51,-27,-20,-21,-43
2937,2,1,-2,-2,-2,-1,1,1,0
2938,27,20,-19,-9,-3,13,9,15,-4
2939,106,289,-79,-101,-78,-79,-28,-86,-85
2940,31,5,-18,-10,11,2,3,-5,1
2941,0,0,0,0,0,1,1,0,0
2942,0,0,0,0,0,0,0,0,0
2943,140,-31,-84,27,-59,-63,-21,-35,-25
2944,1,-1,-1,0,0,1,0,1,0
2945,0,0,0,0,0,0,0,0,0
2946,1,0,-1,-1,-1,-1,-1,0,-1
2947,3,-3,-2,0,-3,-3,-2,2,0
2948,0,0,0,0,0,0,0,0,0
2949,1,-1,-1,1,0,0,-1,-1,-1
2950,0,0,1,0,0,0,0,0,0
2951,8,-5,-6,12,-7,-5,7,1,-3
2952,0,0,0,0,0,0,0,0,0
2953,6,1,-1,-1,2,0,-4,-3,0
2954,0,0,0,0,0,0,0,0,0
2955,1,3,-1,-1,0,-1,0,-1,-1
2956,1,2,-1,0,-1,1,1,2,3
2957,0,0,0,0,0,0,0,0,0
2958,208,-96,7,-9,-53,-21,-32,53,-52
2959,0,0,0,1,0,0,0,1,0
